Date,Open,High,Low,Close,Adj Close,Volume
2019-01-01,1213.0208740234375,1214.774658203125,1187.9312744140625,1198.210693359375,1098.265380859375,560211
2019-01-02,1198.5517578125,1219.8900146484375,1146.3751220703125,1164.74169921875,1067.5882568359375,1630108
2019-01-03,1164.3519287109375,1175.06982421875,1111.98046875,1123.3316650390625,1029.632080078125,1585898
2019-01-04,1120.5059814453125,1141.89306640625,1103.9420166015625,1132.8316650390625,1038.3399658203125,1705357
2019-01-07,1143.500732421875,1157.531494140625,1129.1290283203125,1146.1314697265625,1050.5301513671875,923825
2019-01-08,1146.8135986328125,1166.105712890625,1135.90087890625,1162.15966796875,1065.2218017578125,780851
2019-01-09,1162.15966796875,1185.7877197265625,1158.0673828125,1178.91845703125,1080.58251953125,856388
2019-01-10,1177.0185546875,1189.5389404296875,1149.736572265625,1155.923828125,1059.5057373046875,899846
2019-01-11,1166.982666015625,1166.982666015625,1141.06494140625,1159.1878662109375,1062.497802734375,690794
2019-01-14,1160.2596435546875,1160.503173828125,1115.390625,1139.0675048828125,1044.0555419921875,568265
2019-01-15,1140.9674072265625,1161.916015625,1135.559814453125,1157.726318359375,1061.1578369140625,798259
2019-01-16,1159.4801025390625,1168.931396484375,1144.8648681640625,1157.726318359375,1061.1578369140625,1216205
2019-01-17,1157.531494140625,1176.6287841796875,1113.685546875,1120.0189208984375,1026.595947265625,2115016
2019-01-18,1129.2752685546875,1137.4598388671875,1102.3343505859375,1106.670166015625,1014.3604125976562,1106210
2019-01-21,1109.7882080078125,1111.4932861328125,1078.511474609375,1086.111328125,995.5164184570312,1117620
2019-01-22,1082.5062255859375,1093.8087158203125,1061.16796875,1068.037109375,978.9500122070312,1499762
2019-01-23,1067.8909912109375,1078.60888671875,1052.35009765625,1060.1448974609375,971.7159423828125,1273424
2019-01-24,1070.619140625,1092.249755859375,1058.244873046875,1085.9652099609375,995.3828125,837618
2019-01-25,1091.275390625,1104.088134765625,1080.5576171875,1091.421630859375,1000.3837280273438,1222598
2019-01-28,1095.1728515625,1095.1728515625,1016.3964233398438,1028.62451171875,942.8248901367188,2461372
2019-01-29,1027.9425048828125,1028.8681640625,969.4813232421875,1000.2708740234375,916.8363037109375,3851725
2019-01-30,998.7119140625,1010.014404296875,976.8864135742188,988.6760864257812,906.2085571289062,1767782
2019-01-31,989.9427490234375,998.6632080078125,965.9249267578125,989.3093872070312,906.7890625,2074635
2019-02-01,989.9427490234375,1031.8399658203125,984.0966186523438,1020.2451171875,935.1444702148438,2054020
2019-02-04,1013.3272094726562,1017.224609375,984.0966186523438,998.4683227539062,915.18408203125,795630
2019-02-05,993.8401489257812,1046.406494140625,992.03759765625,1040.70654296875,953.8989868164062,1143201
2019-02-06,1047.4295654296875,1050.2064208984375,1023.6066284179688,1040.70654296875,953.8989868164062,1159384
2019-02-07,1040.609130859375,1081.5318603515625,1040.609130859375,1072.6165771484375,983.1475219726562,1570330
2019-02-08,1066.9166259765625,1066.9166259765625,1036.3218994140625,1044.11669921875,957.0247802734375,672285
2019-02-11,1059.121826171875,1059.121826171875,1023.1681518554688,1029.160400390625,943.3161010742188,467096
2019-02-12,1031.8399658203125,1042.5577392578125,1006.993896484375,1015.9092407226562,931.170166015625,1209951
2019-02-14,1015.27587890625,1028.4296875,1007.4810791015625,1020.0502319335938,934.9657592773438,1075044
2019-02-15,1014.3015747070312,1018.4425659179688,971.4299926757812,976.3017578125,894.866455078125,1274957
2019-02-18,979.4197387695312,988.919677734375,969.2864379882812,977.1787109375,895.6703491210938,1001756
2019-02-19,978.25048828125,996.9580688476562,970.6992797851562,975.2786865234375,893.9287109375,997004
2019-02-20,984.0966186523438,1032.3758544921875,982.1965942382812,1024.0450439453125,938.6273803710938,1987156
2019-02-21,1028.332275390625,1040.609130859375,1022.388671875,1028.4296875,942.6463012695312,802689
2019-02-22,1030.8656005859375,1052.203857421875,1024.5322265625,1046.2603759765625,958.9898071289062,552698
2019-02-25,1058.050048828125,1078.0242919921875,1046.2603759765625,1071.1063232421875,981.76318359375,1056176
2019-02-26,1062.0447998046875,1112.272705078125,1052.5936279296875,1100.7266845703125,1008.912841796875,1511537
2019-02-27,1101.0189208984375,1124.549560546875,1094.10107421875,1099.995849609375,1008.2428588867188,1306796
2019-02-28,1097.9010009765625,1119.1419677734375,1096.147216796875,1112.954833984375,1020.1209716796875,827859
2019-03-01,1115.0496826171875,1135.121337890625,1115.0496826171875,1130.152099609375,1035.8839111328125,857837
2019-03-05,1135.121337890625,1205.956787109375,1134.1956787109375,1197.2850341796875,1097.4171142578125,2011952
2019-03-06,1197.47998046875,1234.26171875,1194.751708984375,1208.63623046875,1107.8212890625,1158716
2019-03-07,1212.8260498046875,1216.1387939453125,1188.7108154296875,1197.577392578125,1097.6849365234375,444120
2019-03-08,1187.8338623046875,1196.4569091796875,1175.2159423828125,1189.1004638671875,1089.9154052734375,695253
2019-03-11,1198.0645751953125,1237.3309326171875,1187.2979736328125,1227.14892578125,1124.7899169921875,850380
2019-03-12,1237.428466796875,1252.043701171875,1228.8541259765625,1239.8155517578125,1136.39990234375,978698
2019-03-13,1247.1719970703125,1263.7359619140625,1233.5797119140625,1247.4642333984375,1143.410888671875,1007697
2019-03-14,1260.32568359375,1260.32568359375,1203.47216796875,1214.8233642578125,1113.492431640625,1009239
2019-03-15,1216.0413818359375,1239.8642578125,1213.264404296875,1234.602783203125,1131.6220703125,1059777
2019-03-18,1246.97705078125,1252.043701171875,1198.454345703125,1206.200439453125,1105.5888671875,1331646
2019-03-19,1208.1978759765625,1215.895263671875,1186.5184326171875,1189.587646484375,1090.361572265625,895197
2019-03-20,1193.58251953125,1194.02099609375,1164.1571044921875,1175.800537109375,1077.724609375,1333948
2019-03-22,1181.5980224609375,1198.454345703125,1159.4801025390625,1167.8109130859375,1070.4012451171875,1183580
2019-03-25,1160.746826171875,1178.91845703125,1150.9058837890625,1168.931396484375,1071.428466796875,1173908
2019-03-26,1179.9415283203125,1182.8646240234375,1159.96728515625,1173.218505859375,1075.3580322265625,659745
2019-03-27,1177.5057373046875,1230.948974609375,1166.3006591796875,1213.7515869140625,1112.510009765625,3035889
2019-03-28,1221.8387451171875,1260.8128662109375,1221.8387451171875,1245.466796875,1141.5799560546875,2089922
2019-04-01,1247.1719970703125,1256.91552734375,1195.53125,1204.34912109375,1103.891845703125,844965
2019-04-02,1206.2491455078125,1220.0849609375,1150.175048828125,1167.4698486328125,1070.0887451171875,1392828
2019-04-03,1169.2236328125,1194.556884765625,1162.8416748046875,1167.7135009765625,1070.3121337890625,1769138
2019-04-04,1178.9671630859375,1188.61328125,1164.9852294921875,1177.0185546875,1078.8409423828125,740446
2019-04-05,1183.8389892578125,1213.7515869140625,1178.09033203125,1192.31591796875,1092.8624267578125,1021269
2019-04-08,1198.454345703125,1216.967041015625,1176.482666015625,1209.9029541015625,1108.9825439453125,814592
2019-04-09,1215.5054931640625,1225.44384765625,1186.372314453125,1191.5850830078125,1092.1925048828125,1060970
2019-04-10,1191.1466064453125,1205.66455078125,1153.877685546875,1166.2032470703125,1068.927978515625,1648600
2019-04-11,1167.2750244140625,1192.608154296875,1166.982666015625,1178.7236328125,1080.40380859375,1373796
2019-04-12,1182.9620361328125,1196.067138671875,1181.93896484375,1193.6312255859375,1094.068115234375,663208
2019-04-15,1200.7440185546875,1206.1517333984375,1184.862060546875,1189.6363525390625,1090.4063720703125,477610
2019-04-16,1185.300537109375,1215.018310546875,1172.5364990234375,1198.0645751953125,1098.1314697265625,875359
2019-04-18,1205.2747802734375,1210.146484375,1171.8057861328125,1184.4722900390625,1085.6732177734375,674977
2019-04-22,1182.37744140625,1184.228759765625,1134.0982666015625,1138.48291015625,1043.5196533203125,676638
2019-04-23,1141.357177734375,1147.4468994140625,1122.406005859375,1136.0469970703125,1041.2869873046875,1846445
2019-04-24,1137.070068359375,1154.6083984375,1120.1163330078125,1148.7623291015625,1052.941650390625,748102
2019-04-25,1154.5596923828125,1163.3775634765625,1116.608642578125,1123.5264892578125,1029.8109130859375,750573
2019-04-26,1127.3265380859375,1139.018798828125,1092.78564453125,1106.3779296875,1014.0927734375,752078
2019-04-30,1104.9163818359375,1109.7393798828125,1058.1474609375,1082.45751953125,992.167724609375,1312046
2019-05-02,1065.9422607421875,1081.4344482421875,1060.4371337890625,1064.7730712890625,975.9581298828125,654868
2019-05-03,1068.378173828125,1070.8140869140625,1041.14501953125,1051.9603271484375,964.214111328125,1032928
2019-05-06,1037.68603515625,1044.896240234375,1023.0707397460938,1031.6937255859375,945.6380004882812,866627
2019-05-07,1037.68603515625,1046.211669921875,989.3093872070312,996.76318359375,913.6211547851562,1037975
2019-05-08,990.9170532226562,1025.068115234375,986.4837646484375,1000.9041748046875,917.416748046875,1672128
2019-05-09,982.1478881835938,1016.250244140625,965.5839233398438,1006.555419921875,922.5966796875,3166736
2019-05-10,998.7119140625,1022.9732666015625,986.2401733398438,992.8170776367188,910.004150390625,1300138
2019-05-13,992.6708984375,1003.6810913085938,955.1583251953125,962.222412109375,881.9616088867188,872107
2019-05-14,978.153076171875,1012.1092529296875,966.3634033203125,992.3298950195312,909.5576782226562,1305398
2019-05-15,1000.6605834960938,1013.0836181640625,988.6760864257812,993.8401489257812,910.9419555664062,937964
2019-05-16,998.7119140625,1000.6605834960938,971.5274658203125,976.6915283203125,895.2238159179688,537593
2019-05-17,975.3274536132812,1018.198974609375,973.4761352539062,1006.3118286132812,922.373291015625,924892
2019-05-20,1043.5321044921875,1093.22412109375,1043.5321044921875,1069.3038330078125,980.1110229492188,1101918
2019-05-21,1077.4395751953125,1113.588134765625,1053.4705810546875,1058.1961669921875,969.9299926757812,1254239
2019-05-22,1057.173095703125,1057.173095703125,1020.6348266601562,1037.4912109375,950.9520263671875,1278775
2019-05-23,1055.7115478515625,1097.5113525390625,1020.1964111328125,1036.6142578125,950.1480712890625,1964842
2019-05-24,1040.609130859375,1083.2857666015625,1012.3528442382812,1079.1934814453125,989.1755981445312,2072547
2019-05-27,1083.9677734375,1119.48291015625,1076.85498046875,1109.057373046875,1016.548583984375,1246997
2019-05-28,1111.73681640625,1129.85986328125,1094.2958984375,1106.718994140625,1014.4053344726562,1437757
2019-05-29,1098.095947265625,1107.64453125,1076.757568359375,1080.9959716796875,990.8279418945312,722575
2019-05-30,1086.452392578125,1102.9676513671875,1078.462646484375,1098.82666015625,1007.17138671875,703552
2019-05-31,1107.64453125,1186.71337890625,1105.8907470703125,1134.4393310546875,1039.8134765625,4027652
2019-06-03,1144.572509765625,1161.2340087890625,1130.834228515625,1139.5546875,1044.502197265625,1956696
2019-06-04,1144.8648681640625,1156.55712890625,1132.1982421875,1135.5111083984375,1040.7958984375,1061183
2019-06-06,1135.998291015625,1137.070068359375,1030.914306640625,1038.1732177734375,951.5771484375,2364985
2019-06-07,1046.4552001953125,1078.60888671875,1035.0552978515625,1064.578125,975.7794189453125,2039553
2019-06-10,1065.9422607421875,1085.91650390625,1022.1937866210938,1048.45263671875,960.9990844726562,1390204
2019-06-11,1052.30126953125,1087.3780517578125,1041.58349609375,1081.3370361328125,991.1405029296875,1385159
2019-06-12,1084.4549560546875,1084.4549560546875,1031.0604248046875,1040.803955078125,953.9882202148438,1443537
2019-06-13,1033.78857421875,1067.2576904296875,1010.4041137695312,1056.0526123046875,967.9651489257812,1913140
2019-06-14,1052.30126953125,1077.8780517578125,1037.9295654296875,1057.1243896484375,968.9475708007812,1570392
2019-06-17,997.737548828125,1027.9425048828125,974.3530883789062,991.8427124023438,909.111083984375,32964716
2019-06-18,995.8862915039062,1040.2193603515625,995.8862915039062,1023.996337890625,938.5826416015625,5844571
2019-06-19,1028.6732177734375,1047.8680419921875,1014.3502807617188,1035.4937744140625,955.4853515625,3154649
2019-06-20,1035.7373046875,1080.3626708984375,1020.0989379882812,1066.52685546875,984.12060546875,1888377
2019-06-21,1072.9576416015625,1081.0447998046875,1060.632080078125,1070.2293701171875,987.5369873046875,2516434
2019-06-24,1078.8037109375,1090.20361328125,1053.080810546875,1085.6241455078125,1001.7423706054688,3323147
2019-06-25,1080.0704345703125,1093.1754150390625,1073.0550537109375,1090.2523193359375,1006.012939453125,2522248
2019-06-26,1094.198486328125,1098.0472412109375,1059.121826171875,1071.398681640625,988.6157836914062,2029790
2019-06-27,1078.1217041015625,1078.1217041015625,1058.244873046875,1070.4730224609375,987.7617797851562,1229949
2019-06-28,1074.71142578125,1074.71142578125,1046.9910888671875,1052.73974609375,971.3988647460938,1879345
2019-07-01,1056.19873046875,1066.624267578125,1023.0707397460938,1027.6014404296875,948.2027587890625,1481348
2019-07-02,1030.5245361328125,1050.255126953125,1030.5245361328125,1040.365478515625,959.9805297851562,1797442
2019-07-03,1047.283447265625,1059.9986572265625,1039.6834716796875,1057.173095703125,975.489501953125,934522
2019-07-04,1057.07568359375,1062.531982421875,1030.9630126953125,1035.5911865234375,955.5753173828125,1017391
2019-07-05,1034.762939453125,1069.8397216796875,1034.762939453125,1049.865478515625,968.7466430664062,2128271
2019-07-08,1043.5321044921875,1048.793701171875,993.8401489257812,1006.0682983398438,928.3334350585938,1160896
2019-07-09,1003.5836791992188,1031.8399658203125,1003.5836791992188,1025.4091796875,946.1798095703125,1486521
2019-07-10,1030.8656005859375,1039.9757080078125,998.809326171875,1007.6759643554688,929.8168334960938,1380865
2019-07-11,1021.9989624023438,1029.8912353515625,1007.6759643554688,1016.7861328125,938.2230224609375,1439207
2019-07-12,1024.434814453125,1031.742431640625,1011.5733642578125,1019.3194580078125,940.5606689453125,1155718
2019-07-15,1028.6732177734375,1035.7373046875,1008.4554443359375,1030.914306640625,951.2596435546875,917181
2019-07-16,1032.716796875,1062.0447998046875,1028.9168701171875,1056.3448486328125,974.725341796875,1454321
2019-07-17,1056.63720703125,1076.6114501953125,1048.6474609375,1056.3448486328125,974.725341796875,1711324
2019-07-18,1054.25,1054.25,1018.7835693359375,1024.0450439453125,944.9212036132812,1528618
2019-07-19,1031.2552490234375,1043.5321044921875,1013.3272094726562,1034.3731689453125,954.4513549804688,2659453
2019-07-22,1025.0194091796875,1041.97314453125,1005.5811157226562,1011.6220703125,933.4580688476562,708422
2019-07-23,1017.7117919921875,1017.9066772460938,951.11474609375,955.6455078125,881.806640625,3613578
2019-07-24,948.0455322265625,951.9429321289062,885.7356567382812,901.6176147460938,831.9532470703125,3132411
2019-07-25,939.2763671875,988.9683837890625,930.5072021484375,961.0531616210938,886.7964477539062,10602966
2019-07-26,960.6633911132812,981.9530029296875,946.5352783203125,951.0660400390625,877.5809936523438,2081062
2019-07-29,955.6455078125,964.6095581054688,937.863525390625,942.6378784179688,869.8040161132812,1454940
2019-07-30,942.6865844726562,957.2044677734375,939.373779296875,944.1481323242188,871.1976318359375,1506750
2019-07-31,943.0276489257812,950.4327392578125,934.4046020507812,944.3917236328125,871.4223022460938,1569192
2019-08-01,944.1481323242188,959.4454956054688,938.5942993164062,942.5404663085938,869.7140502929688,1308499
2019-08-02,946.9737548828125,956.71728515625,935.3789672851562,953.3557739257812,879.6937866210938,1350095
2019-08-05,944.7814331054688,956.71728515625,921.932861328125,945.6583862304688,872.5911865234375,1762038
2019-08-06,943.9532470703125,966.1198120117188,941.7122802734375,957.9839477539062,883.9644165039062,1170005
2019-08-07,958.2762451171875,982.1478881835938,958.2762451171875,972.2582397460938,897.1358642578125,1415547
2019-08-08,974.3530883789062,988.8709106445312,967.0941772460938,976.8377075195312,901.361328125,1075807
2019-08-09,984.0479125976562,1037.68603515625,982.5376586914062,1015.4220581054688,936.9644165039062,1608748
2019-08-13,1012.3041381835938,1021.9502563476562,954.9147338867188,962.222412109375,887.8753662109375,1102054
2019-08-14,973.3787231445312,1026.91943359375,969.530029296875,1014.8374633789062,936.425048828125,2243927
2019-08-16,1013.3272094726562,1035.9322509765625,993.5478515625,1005.6785278320312,927.9737548828125,1133146
2019-08-19,1013.3272094726562,1032.424560546875,1002.9503173828125,1013.5220947265625,935.2112426757812,1083936
2019-08-20,1018.7835693359375,1025.1656494140625,994.4734497070312,1002.7554931640625,925.276611328125,949619
2019-08-21,1003.5836791992188,1010.8425903320312,977.5197143554688,985.899169921875,909.72265625,686042
2019-08-22,983.317138671875,983.317138671875,956.181396484375,961.248046875,886.9762573242188,779326
2019-08-23,957.2044677734375,988.9683837890625,931.189208984375,984.4376220703125,908.3740844726562,2017978
2019-08-26,1008.504150390625,1037.1014404296875,987.0196533203125,993.4991455078125,916.7354125976562,2200688
2019-08-27,1003.5836791992188,1006.993896484375,982.6350708007812,993.4503784179688,916.6904296875,1447092
2019-08-28,1002.0247192382812,1006.01953125,954.9634399414062,966.2172241210938,891.5614013671875,1122089
2019-08-29,954.8660278320312,962.0275268554688,935.3789672851562,942.3455810546875,869.5343017578125,1156071
2019-08-30,948.0455322265625,955.8403930664062,918.3277587890625,941.3712158203125,868.6351928710938,1900514
2019-09-03,925.6354370117188,950.7737426757812,911.7996215820312,938.1558837890625,865.6682739257812,1428028
2019-09-04,937.32763671875,962.0275268554688,921.738037109375,959.29931640625,885.177978515625,1267866
2019-09-05,961.5403442382812,974.0120239257812,948.1430053710938,954.9147338867188,881.13232421875,1017395
2019-09-06,956.9121704101562,972.5018310546875,952.527587890625,969.3838500976562,894.4834594726562,656908
2019-09-09,959.9813842773438,987.4581298828125,959.9813842773438,983.317138671875,907.3401489257812,1028251
2019-09-11,988.7734985351562,1010.55029296875,983.317138671875,1007.7246704101562,929.8617553710938,1133370
2019-09-12,1012.060546875,1032.7655029296875,1005.9708251953125,1011.2810668945312,933.1433715820312,1180430
2019-09-13,1013.2785034179688,1030.0860595703125,1011.2810668945312,1025.311767578125,946.0899658203125,825098
2019-09-16,1013.4246215820312,1042.5577392578125,1011.9143676757812,1026.5296630859375,947.2138671875,924255
2019-09-17,1021.31689453125,1037.4912109375,987.6043090820312,995.8375854492188,918.8931884765625,674880
2019-09-18,1008.2605590820312,1015.4220581054688,996.8606567382812,1010.3067016601562,932.2443237304688,554461
2019-09-19,1012.2554321289062,1018.198974609375,1000.3682861328125,1009.1862182617188,931.2103271484375,1000866
2019-09-20,1017.322021484375,1133.0264892578125,988.0914306640625,1112.1265869140625,1026.197021484375,2250588
2019-09-23,1116.608642578125,1168.8826904296875,1111.5906982421875,1137.3623046875,1049.48291015625,1576830
2019-09-24,1123.4290771484375,1142.234130859375,1101.9932861328125,1135.754638671875,1047.9993896484375,1190645
2019-09-25,1120.9931640625,1131.9547119140625,1072.2755126953125,1086.1600341796875,1002.23681640625,1412084
2019-09-26,1088.3524169921875,1103.454833984375,1068.572998046875,1073.980712890625,990.9984130859375,1529131
2019-09-27,1062.0447998046875,1088.7421875,1059.9012451171875,1066.9166259765625,984.480224609375,1166679
2019-09-30,1066.9166259765625,1075.685791015625,1028.62451171875,1043.5321044921875,962.902587890625,1144703
2019-10-01,1047.4295654296875,1063.1654052734375,1000.1734619140625,1018.3450927734375,939.66162109375,1197778
2019-10-03,1023.0707397460938,1031.7911376953125,984.0966186523438,1005.7759399414062,928.0635986328125,815415
2019-10-04,1012.060546875,1017.0297241210938,987.0196533203125,993.4503784179688,916.6904296875,726221
2019-10-07,983.2196655273438,1047.8680419921875,983.2196655273438,1034.7142333984375,954.765869140625,1751749
2019-10-09,1036.711669921875,1110.762451171875,1025.0194091796875,1094.734375,1010.1486206054688,1696040
2019-10-10,1087.3780517578125,1087.3780517578125,1046.211669921875,1054.152587890625,972.702392578125,818184
2019-10-11,1060.7294921875,1062.5806884765625,1028.4783935546875,1033.496337890625,953.6421508789062,759457
2019-10-14,1040.609130859375,1045.773193359375,1010.11181640625,1017.8579711914062,939.212158203125,642985
2019-10-15,1017.8579711914062,1027.893798828125,1001.6349487304688,1023.2168579101562,944.156982421875,831712
2019-10-16,1029.598876953125,1035.3475341796875,1003.0964965820312,1012.8887329101562,934.6268920898438,811094
2019-10-17,1012.3528442382812,1047.4295654296875,995.3991088867188,1042.8013916015625,962.2283325195312,1204576
2019-10-18,1034.8603515625,1078.0242919921875,1030.9630126953125,1068.134521484375,985.6041870117188,1080830
2019-10-22,1057.708984375,1098.8753662109375,1052.3988037109375,1088.8883056640625,1004.7543334960938,1360255
2019-10-23,1091.275390625,1097.12158203125,1038.4654541015625,1049.9141845703125,968.7915649414062,992459
2019-10-24,1058.1474609375,1065.69873046875,1032.814208984375,1043.3372802734375,962.7227783203125,895366
2019-10-25,1047.4295654296875,1104.234375,1038.0758056640625,1096.2933349609375,1011.5872802734375,1398549
2019-10-27,1101.0189208984375,1101.0189208984375,1075.685791015625,1082.4088134765625,998.775390625,70692
2019-10-29,1018.73486328125,1128.3009033203125,1018.73486328125,1119.1419677734375,1032.67041015625,1532572
2019-10-30,1124.5008544921875,1158.9930419921875,1101.0189208984375,1125.670166015625,1038.694091796875,1838974
2019-10-31,1136.095703125,1137.070068359375,1100.044677734375,1109.4471435546875,1023.724609375,1027095
2019-11-01,1116.364990234375,1135.02392578125,1108.3753662109375,1114.75732421875,1028.62451171875,781208
2019-11-04,1115.63427734375,1123.6240234375,1103.9420166015625,1109.934326171875,1024.174072265625,611249
2019-11-05,1109.7882080078125,1122.649658203125,1099.0703125,1109.9830322265625,1024.2188720703125,541907
2019-11-06,1107.985595703125,1123.088134765625,1101.0189208984375,1110.2265625,1024.44384765625,1010183
2019-11-07,1122.94189453125,1151.246826171875,1108.8138427734375,1122.8931884765625,1040.698486328125,1706981
2019-11-08,1122.8931884765625,1132.6854248046875,1082.5062255859375,1087.7191162109375,1008.0989990234375,901268
2019-11-11,1086.111328125,1117.0958251953125,1083.675537109375,1091.2266845703125,1011.349853515625,840105
2019-11-13,1091.2266845703125,1122.406005859375,1091.2266845703125,1102.5291748046875,1021.824951171875,1130931
2019-11-14,1108.3753662109375,1112.3702392578125,1083.237060546875,1108.0830078125,1026.97216796875,897236
2019-11-15,1106.8651123046875,1118.2650146484375,1094.442138671875,1099.3138427734375,1018.8450317382812,485356
2019-11-18,1101.0189208984375,1107.7420654296875,1094.1497802734375,1097.462646484375,1017.12939453125,626778
2019-11-19,1096.7318115234375,1101.0189208984375,1089.229248046875,1097.218994140625,1016.9036865234375,601809
2019-11-20,1101.0189208984375,1109.2523193359375,1092.249755859375,1097.6087646484375,1017.264892578125,405608
2019-11-21,1104.42919921875,1115.1470947265625,1091.32421875,1099.8984375,1019.38671875,703790
2019-11-22,1099.9471435546875,1117.436767578125,1091.7625732421875,1111.9317626953125,1030.539306640625,476894
2019-11-25,1115.5855712890625,1125.3778076171875,1105.3548583984375,1116.90087890625,1035.1446533203125,985265
2019-11-26,1124.2086181640625,1124.4034423828125,1076.8062744140625,1086.79345703125,1007.2411499023438,1604929
2019-11-27,1089.3267822265625,1118.7034912109375,1089.3267822265625,1107.352294921875,1026.2950439453125,989987
2019-11-28,1108.71630859375,1129.2752685546875,1099.8497314453125,1115.293212890625,1033.654541015625,1384472
2019-11-29,1111.6881103515625,1119.53173828125,1086.890869140625,1098.290771484375,1017.8968505859375,508911
2019-12-02,1101.0189208984375,1101.311279296875,1063.3602294921875,1069.255126953125,990.986572265625,780962
2019-12-03,1066.9166259765625,1074.5653076171875,1047.8680419921875,1062.3858642578125,984.6202392578125,852393
2019-12-04,1059.121826171875,1080.5576171875,1048.111572265625,1061.16796875,983.4913330078125,465079
2019-12-05,1061.16796875,1095.0267333984375,1059.4140625,1080.3626708984375,1001.281005859375,1137984
2019-12-06,1079.778076171875,1080.3626708984375,1041.58349609375,1045.529541015625,968.9977416992188,513029
2019-12-09,1043.72705078125,1076.66015625,1034.762939453125,1065.357666015625,987.3743286132812,686174
2019-12-10,1055.224365234375,1062.0447998046875,1041.14501953125,1045.43212890625,968.9074096679688,455340
2019-12-11,1042.5577392578125,1058.244873046875,1036.4681396484375,1050.255126953125,973.377197265625,634769
2019-12-12,1056.63720703125,1081.5318603515625,1054.25,1071.9832763671875,993.5149536132812,849379
2019-12-13,1078.3165283203125,1090.983154296875,1071.3499755859375,1076.85498046875,998.0301513671875,901103
2019-12-16,1074.71142578125,1084.9908447265625,1069.1575927734375,1072.8114013671875,994.282470703125,585023
2019-12-17,1056.1500244140625,1080.5576171875,1040.609130859375,1064.82177734375,986.877685546875,1604333
2019-12-18,1071.788330078125,1097.8035888671875,1053.3243408203125,1085.03955078125,1005.615478515625,857228
2019-12-19,1085.03955078125,1107.790771484375,1084.64990234375,1103.1138916015625,1022.3668823242188,1005647
2019-12-20,1103.0650634765625,1158.9930419921875,1092.249755859375,1151.78271484375,1067.4730224609375,2032643
2019-12-23,1149.63916015625,1153.4879150390625,1128.0572509765625,1132.8316650390625,1049.9095458984375,799206
2019-12-24,1129.2752685546875,1133.5623779296875,1118.0701904296875,1124.4034423828125,1042.0977783203125,586372
2019-12-26,1120.4085693359375,1137.6546630859375,1118.4598388671875,1126.498291015625,1044.0394287109375,539917
2019-12-27,1133.4649658203125,1139.7008056640625,1123.38037109375,1134.7802734375,1051.71533203125,534458
2019-12-30,1139.018798828125,1145.8392333984375,1127.570068359375,1132.977783203125,1050.044921875,439131
2019-12-31,1130.1033935546875,1147.2520751953125,1124.5008544921875,1141.06494140625,1057.5399169921875,740696
2020-01-01,1144.572509765625,1147.2520751953125,1110.8599853515625,1113.149658203125,1031.66796875,439312
2020-01-02,1115.63427734375,1134.0008544921875,1115.63427734375,1130.68798828125,1047.922607421875,633676
2020-01-03,1130.152099609375,1137.070068359375,1121.4803466796875,1130.152099609375,1047.4259033203125,470752
2020-01-06,1121.67529296875,1122.4547119140625,1083.675537109375,1088.4498291015625,1008.7763061523438,1121855
2020-01-07,1092.78564453125,1121.4803466796875,1084.3575439453125,1095.41650390625,1015.23291015625,451985
2020-01-08,1071.788330078125,1104.86767578125,1068.134521484375,1101.311279296875,1020.696044921875,497654
2020-01-09,1109.8856201171875,1124.549560546875,1093.321533203125,1117.680419921875,1035.8673095703125,885971
2020-01-10,1120.3111572265625,1124.8419189453125,1097.5113525390625,1101.84716796875,1021.19287109375,647631
2020-01-13,1106.8651123046875,1141.8443603515625,1096.342041015625,1138.141845703125,1054.830810546875,920774
2020-01-14,1134.244384765625,1182.280029296875,1083.0908203125,1103.357421875,1022.5928344726562,2242890
2020-01-15,1098.4857177734375,1099.0703125,1052.3988037109375,1070.6678466796875,992.2958984375,1912179
2020-01-16,1074.71142578125,1083.9677734375,1065.162841796875,1070.960205078125,992.56689453125,708060
2020-01-17,1071.30126953125,1083.431884765625,1056.83203125,1059.8525390625,982.2723388671875,848065
2020-01-20,1069.8397216796875,1085.2344970703125,1039.9757080078125,1045.87060546875,969.3138427734375,1245382
2020-01-21,1043.5321044921875,1075.490966796875,1035.5911865234375,1061.460205078125,983.76220703125,1139490
2020-01-22,1068.0858154296875,1068.0858154296875,1044.16552734375,1047.478271484375,970.8037719726562,478702
2020-01-23,1054.0064697265625,1061.021728515625,1047.916748046875,1056.2474365234375,978.930908203125,466608
2020-01-24,1055.224365234375,1074.71142578125,1053.3243408203125,1056.101318359375,978.7955932617188,443813
2020-01-27,1049.3782958984375,1067.8909912109375,1043.8731689453125,1052.35009765625,975.31884765625,591440
2020-01-28,1052.30126953125,1071.69091796875,1029.6962890625,1052.1551513671875,975.1383666992188,1109855
2020-01-29,1059.121826171875,1092.249755859375,1056.978271484375,1078.8524169921875,999.88134765625,1346306
2020-01-30,1078.60888671875,1079.9241943359375,1003.6323852539062,1016.8836059570312,942.4485473632812,1806575
2020-01-31,997.1529541015625,1027.893798828125,990.5760498046875,994.3760375976562,921.5885620117188,2035469
2020-02-03,964.6095581054688,979.224853515625,940.78662109375,962.6121215820312,892.1497192382812,1292619
2020-02-04,1027.9425048828125,1086.35498046875,1004.5580444335938,1022.5835571289062,947.7313842773438,6305777
2020-02-05,1028.9168701171875,1110.762451171875,1027.9425048828125,1103.893310546875,1023.0892333984375,4669702
2020-02-06,1103.454833984375,1202.8388671875,1101.40869140625,1187.4927978515625,1100.5694580078125,6308248
2020-02-07,1194.84912109375,1197.47998046875,1162.890380859375,1191.731201171875,1104.49755859375,1544816
2020-02-10,1181.8902587890625,1195.433837890625,1167.8109130859375,1175.94677734375,1089.8685302734375,966554
2020-02-11,1183.25439453125,1229.438720703125,1174.290283203125,1187.54150390625,1100.614501953125,2326368
2020-02-12,1186.7620849609375,1214.141357421875,1184.08251953125,1187.3953857421875,1100.47900390625,1788169
2020-02-13,1203.3260498046875,1249.12060546875,1181.93896484375,1230.0233154296875,1139.9866943359375,2482046
2020-02-14,1237.6719970703125,1262.2744140625,1226.75927734375,1253.4078369140625,1161.659423828125,1727132
2020-02-17,1255.941162109375,1266.6590576171875,1237.96435546875,1246.3924560546875,1155.15771484375,1061331
2020-02-18,1244.2489013671875,1248.8770751953125,1213.41064453125,1241.3258056640625,1150.4620361328125,1054059
2020-02-19,1237.4771728515625,1270.6051025390625,1233.092529296875,1257.9385986328125,1165.8583984375,1299630
2020-02-20,1248.146240234375,1324.5355224609375,1244.2489013671875,1306.8997802734375,1211.23583984375,3406541
2020-02-24,1305.6331787109375,1331.940673828125,1280.5435791015625,1301.2972412109375,1206.0433349609375,2330174
2020-02-25,1305.5843505859375,1313.6715087890625,1276.402587890625,1288.9716796875,1194.6201171875,1936052
2020-02-26,1281.1768798828125,1284.1973876953125,1235.5284423828125,1244.2001953125,1153.1258544921875,1863081
2020-02-27,1244.2001953125,1244.2001953125,1209.220947265625,1225.541259765625,1135.832763671875,2329524
2020-02-28,1183.8389892578125,1229.5848388671875,1136.97265625,1165.6185302734375,1080.2962646484375,13652628
2020-03-02,1193.58251953125,1323.317626953125,1193.58251953125,1250.6795654296875,1159.1309814453125,2682798
2020-03-03,1252.7744140625,1271.2872314453125,1218.9156494140625,1224.8592529296875,1135.2005615234375,1700316
2020-03-04,1237.3309326171875,1237.3309326171875,1097.8035888671875,1135.46240234375,1052.347412109375,5331403
2020-03-05,1146.8135986328125,1168.2493896484375,1098.4368896484375,1144.5238037109375,1060.74560546875,3690286
2020-03-06,1097.12158203125,1100.044677734375,973.0377197265625,1076.9525146484375,998.1204833984375,3521138
2020-03-09,1020.1476440429688,1031.109130859375,951.99169921875,962.31982421875,891.878662109375,3637794
2020-03-11,935.4763793945312,989.4068603515625,926.902099609375,962.8070068359375,892.3303833007812,2869042
2020-03-12,933.4302368164062,933.4302368164062,809.2976684570312,819.8206787109375,759.8104858398438,3165431
2020-03-13,743.431396484375,855.9204711914062,698.4650268554688,804.8156127929688,745.9038696289062,2820797
2020-03-16,767.7902221679688,831.2693481445312,729.644287109375,744.0647583007812,689.5999145507812,3162686
2020-03-17,745.380126953125,808.0797119140625,743.431396484375,756.9749145507812,701.5650024414062,3531287
2020-03-18,778.9953002929688,778.9953002929688,659.7344970703125,669.6728515625,620.6532592773438,3495463
2020-03-19,643.0730590820312,712.4469604492188,570.9708862304688,606.6809692382812,562.2723388671875,3743987
2020-03-20,620.6629028320312,647.7012329101562,555.1864013671875,566.001708984375,524.5708618164062,4353217
2020-03-23,509.4405212402344,535.8941650390625,428.7153625488281,440.456298828125,408.21527099609375,2266984
2020-03-24,436.51019287109375,505.25079345703125,429.7384338378906,472.46380615234375,437.8798828125,3664801
2020-03-25,448.2024230957031,565.124755859375,441.7716979980469,552.4581909179688,512.0187377929688,2691546
2020-03-26,573.8939819335938,662.9498291015625,541.7402954101562,634.693603515625,588.2346801757812,3814478
2020-03-27,663.9241943359375,793.3670043945312,662.7549438476562,706.600830078125,654.8782348632812,4030594
2020-03-30,672.3036499023438,678.0036010742188,565.3196411132812,593.770751953125,550.3072509765625,3741133
2020-03-31,626.509033203125,653.10888671875,589.4835815429688,643.7063598632812,596.5875244140625,3874378
2020-04-01,628.55517578125,651.7447509765625,591.4810180664062,605.7066040039062,561.3694458007812,2913245
2020-04-03,618.421875,618.421875,501.7918395996094,507.29693603515625,470.1632385253906,5358139
2020-04-07,521.863525390625,549.9248657226562,487.27398681640625,524.445556640625,486.0565490722656,6952077
2020-04-08,511.5353698730469,593.3810424804688,500.0379943847656,580.1785278320312,537.7099609375,5350701
2020-04-09,609.9450073242188,663.2421264648438,592.4553833007812,658.6139526367188,610.4039306640625,3496454
2020-04-13,639.1268920898438,678.9779663085938,604.2937622070312,628.55517578125,582.5454711914062,3169718
2020-04-15,634.3038330078125,688.8676147460938,624.1218872070312,645.7525024414062,598.4840698242188,3399440
2020-04-16,634.3038330078125,681.94970703125,626.41162109375,663.7780151367188,615.1900634765625,4530154
2020-04-17,706.406005859375,796.5336303710938,686.9189453125,781.4798583984375,724.276123046875,4576910
2020-04-20,789.2260131835938,801.892578125,664.5087890625,667.4805908203125,618.62158203125,7797780
2020-04-21,635.2781982421875,657.39599609375,563.4683837890625,573.5042114257812,531.5241088867188,7594667
2020-04-22,583.6375122070312,606.924560546875,551.4838256835938,590.5066528320312,547.2820434570312,9414978
2020-04-23,597.2784423828125,643.0730590820312,597.2784423828125,627.0936279296875,581.1908569335938,5037477
2020-04-24,594.3553466796875,681.0728149414062,564.39404296875,651.062744140625,603.4054565429688,13201415
2020-04-27,653.7908935546875,668.3087768554688,620.6629028320312,625.5833740234375,579.7911987304688,6061062
2020-04-28,642.0986938476562,683.995849609375,634.5961303710938,677.4677124023438,627.877685546875,4929990
2020-04-29,684.97021484375,698.0265502929688,664.4600830078125,679.270263671875,629.5482177734375,4894649
2020-04-30,696.7598876953125,779.0440063476562,691.7907104492188,760.9697265625,705.2674560546875,6954332
2020-05-04,721.0213012695312,744.3082885742188,672.4984741210938,728.2315063476562,674.9256591796875,5991491
2020-05-05,748.9365234375,767.3517456054688,707.477783203125,720.6315307617188,667.8818359375,5232784
2020-05-06,715.12646484375,774.6107177734375,703.2393188476562,761.2133178710938,705.4932250976562,5106414
2020-05-07,751.2261962890625,786.3029174804688,726.0391845703125,736.22119140625,682.3304443359375,4036839
2020-05-08,754.636474609375,768.7645874023438,714.5418090820312,725.3084106445312,672.2164916992188,3114072
2020-05-11,740.3134765625,748.2057495117188,707.4290771484375,717.27001953125,664.7664794921875,2753232
2020-05-12,690.8163452148438,691.1573486328125,627.4833984375,652.9140014648438,605.1212768554688,7679147
2020-05-13,685.067626953125,704.4085693359375,646.5806884765625,654.4242553710938,606.5210571289062,6173006
2020-05-14,677.22412109375,701.5342407226562,625.6808471679688,631.57568359375,585.344970703125,10393170
2020-05-15,625.2910766601562,642.9755859375,610.1885986328125,624.9013671875,579.1592407226562,6533933
2020-05-18,626.509033203125,627.8731079101562,558.888916015625,561.37353515625,520.2815551757812,7223664
2020-05-19,572.9196166992188,605.0732421875,561.7632446289062,572.0426635742188,530.1695556640625,9380412
2020-05-20,571.9452514648438,586.5118408203125,555.3812255859375,563.95556640625,522.6744384765625,6357376
2020-05-21,566.09912109375,580.5682983398438,555.5761108398438,560.3017578125,519.2881469726562,4691773
2020-05-22,558.3043212890625,568.68115234375,514.21484375,527.2711791992188,488.6754150390625,8958817
2020-05-26,535.9916381835938,544.468505859375,518.3558349609375,524.2019653320312,485.830810546875,4310735
2020-05-27,529.07373046875,551.8735961914062,522.935302734375,540.7659301757812,501.18231201171875,7137332
2020-05-28,550.5094604492188,567.950439453125,545.1505737304688,552.9453735351562,512.47021484375,7181943
2020-05-29,551.4838256835938,562.4940185546875,532.9711303710938,557.6222534179688,516.8048095703125,10548468
2020-06-01,569.9965209960938,588.8015747070312,560.7401733398438,565.0760498046875,523.7129516601562,9532043
2020-06-02,565.0760498046875,578.0836791992188,548.6094970703125,570.9708862304688,529.1763305664062,8776940
2020-06-03,585.586181640625,624.560302734375,582.370849609375,601.0297241210938,557.034912109375,12980072
2020-06-04,600.883544921875,620.6141967773438,590.7015380859375,597.2784423828125,553.5582275390625,8689397
2020-06-05,607.4116821289062,610.139892578125,585.0015869140625,599.1296997070312,555.27392578125,6845203
2020-06-08,608.970703125,638.2012939453125,608.970703125,615.5475463867188,570.4899291992188,8561485
2020-06-09,620.5654907226562,634.255126953125,597.2784423828125,603.7091674804688,559.5181884765625,6765819
2020-06-10,606.6322021484375,625.2423706054688,596.4014892578125,618.7142333984375,573.4249267578125,5892697
2020-06-11,599.470703125,658.6626586914062,599.470703125,621.5398559570312,576.043701171875,15766980
2020-06-12,599.2271728515625,675.9087524414062,590.4579467773438,666.8472290039062,618.03466796875,12573241
2020-06-15,672.3036499023438,689.4035034179688,646.970458984375,655.5447387695312,607.5595092773438,11653890
2020-06-16,680.0984497070312,681.0728149414062,622.0757446289062,638.6397094726562,591.8919067382812,9902974
2020-06-17,632.3551635742188,648.480712890625,624.560302734375,631.4295043945312,585.2094116210938,6445608
2020-06-18,631.3320922851562,653.5960693359375,624.560302734375,649.5037841796875,601.9606323242188,4151262
2020-06-19,650.08837890625,674.3984985351562,638.7371826171875,641.9525146484375,594.962158203125,7005925
2020-06-22,656.1293334960938,669.3318481445312,648.4319458007812,655.0088500976562,607.062744140625,4568353
2020-06-23,665.483154296875,668.4061889648438,652.8652954101562,666.4088134765625,617.6282348632812,3541485
2020-06-24,672.3036499023438,700.1701049804688,660.6113891601562,664.7523803710938,616.0931396484375,9429745
2020-06-25,658.2242431640625,676.8343505859375,650.8678588867188,672.7420654296875,623.4979248046875,4157868
2020-06-26,683.995849609375,715.1751708984375,680.1958618164062,686.8214721679688,636.5466918945312,9211964
2020-06-29,681.852294921875,683.7522583007812,666.6524047851562,672.8882446289062,623.6333618164062,3881296
2020-06-30,686.1394653320312,690.2804565429688,666.993408203125,671.9138793945312,622.7303466796875,2926614
2020-07-01,674.8856811523438,691.7907104492188,667.4805908203125,683.362548828125,633.341064453125,3832165
2020-07-02,689.159912109375,695.200927734375,673.5215454101562,680.0497436523438,630.2705688476562,2651508
2020-07-03,686.6265869140625,689.8419799804688,671.3779907226562,678.1497192382812,628.509765625,2836713
2020-07-06,687.4060668945312,694.6650390625,673.2779541015625,679.7086791992188,629.9544677734375,2662023
2020-07-07,682.0471801757812,709.9623413085938,677.0292358398438,705.2854614257812,653.6591796875,9612180
2020-07-08,711.2777709960938,764.2338256835938,711.2777709960938,738.4622192382812,684.407470703125,13979277
2020-07-09,748.0,769.0,714.0,721.4000244140625,668.59423828125,6184973
2020-07-10,719.0,728.7999877929688,693.5999755859375,698.9000244140625,647.7411499023438,5021570
2020-07-13,706.0,712.8499755859375,682.0,689.1500244140625,638.7049560546875,3960298
2020-07-14,684.0,697.8499755859375,657.5,674.9500122070312,625.5443115234375,4580092
2020-07-15,682.0,688.0,650.6500244140625,654.5499877929688,606.6375122070312,4029011
2020-07-16,661.9000244140625,679.5999755859375,644.5,674.0,624.6637573242188,3686184
2020-07-17,679.0,695.9000244140625,676.4500122070312,688.25,637.8707275390625,3169131
2020-07-20,695.3499755859375,707.0,681.25,690.7999877929688,640.2340698242188,3060800
2020-07-21,703.0,703.9000244140625,677.0499877929688,679.4500122070312,629.7149047851562,2378527
2020-07-22,686.9000244140625,703.9500122070312,676.7999877929688,695.0999755859375,644.2192993164062,4571645
2020-07-23,697.5999755859375,713.5,692.9500122070312,703.1500244140625,651.6801147460938,4035380
2020-07-24,698.7000122070312,711.0,685.0,706.8499755859375,655.109130859375,3049670
2020-07-27,712.0,712.9500122070312,679.4000244140625,682.7000122070312,632.7269897460938,2878048
2020-07-28,687.4000244140625,698.5999755859375,670.7000122070312,695.2999877929688,644.4047241210938,3462194
2020-07-29,695.0,729.5499877929688,691.5999755859375,724.5499877929688,671.5135498046875,5658094
2020-07-30,730.0,736.7999877929688,680.0,683.5999755859375,633.56103515625,5019089
2020-07-31,685.0,694.9500122070312,672.2000122070312,691.2999877929688,640.6974487304688,3659572
2020-08-03,692.4000244140625,704.5,668.5,671.0,621.8834228515625,3199856
2020-08-04,673.0,677.7000122070312,646.0,654.7000122070312,606.776611328125,4261343
2020-08-05,658.4000244140625,669.5,636.0999755859375,642.2999877929688,595.2841796875,4851443
2020-08-06,644.0,666.0,643.0499877929688,660.75,612.3836669921875,4255397
2020-08-07,663.0,680.0,659.0,676.75,627.2125244140625,2895972
2020-08-10,678.0,686.5999755859375,670.0999755859375,674.3499755859375,624.9881591796875,2629959
2020-08-11,680.0,682.0,665.5,675.3499755859375,625.9148559570312,2081788
2020-08-12,670.0,672.0,650.0,664.8499755859375,616.18359375,4022141
2020-08-13,668.4000244140625,705.5,664.4000244140625,702.2999877929688,650.8921508789062,5556341
2020-08-14,708.0,730.5999755859375,676.7000122070312,686.3499755859375,636.1097412109375,12133419
2020-08-17,698.0,708.9000244140625,675.5499877929688,679.0,629.2976684570312,4278840
2020-08-18,684.5,694.0,673.0999755859375,691.2999877929688,640.6974487304688,4431004
2020-08-19,698.0,707.9000244140625,685.9000244140625,688.9500122070312,638.51953125,3972669
2020-08-20,686.4000244140625,696.5,678.0499877929688,687.7999877929688,637.45361328125,2924989
2020-08-21,697.0,699.0,684.0499877929688,686.5,636.248779296875,1820746
2020-08-24,690.0,691.0,680.5499877929688,684.2999877929688,634.2099609375,2263421
2020-08-25,688.5999755859375,706.7999877929688,688.0,694.9500122070312,644.080322265625,4374881
2020-08-26,700.0,731.0,693.1500244140625,726.3499755859375,673.181884765625,8429611
2020-08-27,735.0,748.0,717.0999755859375,720.4000244140625,667.6673583984375,6888505
2020-08-28,728.7000122070312,783.7000122070312,725.0,772.75,716.1854248046875,13556600
2020-08-31,780.2000122070312,792.9000244140625,698.0,702.4500122070312,651.0313110351562,9445234
2020-09-01,709.0,720.0,677.4000244140625,706.2999877929688,654.5994873046875,6624872
2020-09-02,710.0,713.1500244140625,682.6500244140625,692.4000244140625,641.7169799804688,3730834
2020-09-03,699.9500122070312,712.3499755859375,693.0,697.7000122070312,646.62890625,3608652
2020-09-04,689.0,698.0499877929688,669.0499877929688,687.4500122070312,637.1292724609375,3957400
2020-09-07,693.0,693.7000122070312,675.5,687.5499877929688,637.221923828125,2712180
2020-09-08,689.7999877929688,690.0,658.0,662.6500244140625,614.1445922851562,3519686
2020-09-09,656.0,656.0,630.0999755859375,638.8499755859375,592.0867309570312,5674353
2020-09-10,645.0,653.4500122070312,620.6500244140625,629.5499877929688,583.4674072265625,5915577
2020-09-11,633.0,647.5,626.9500122070312,643.6500244140625,596.5354614257812,3716061
2020-09-14,650.0,650.5,631.4500122070312,636.4500122070312,589.8623046875,3690581
2020-09-15,639.0999755859375,655.0,635.25,652.3499755859375,604.5985107421875,3199520
2020-09-16,654.3499755859375,665.75,645.5999755859375,658.3499755859375,610.1593627929688,3990113
2020-09-17,654.3499755859375,661.0,646.6500244140625,654.3499755859375,606.4521484375,2723352
2020-09-18,655.9500122070312,661.6500244140625,634.0,646.5999755859375,599.2694702148438,2861722
2020-09-21,649.4000244140625,652.8499755859375,631.0,637.4500122070312,590.7892456054688,3220766
2020-09-22,637.5,647.0,613.0499877929688,640.6500244140625,593.7550048828125,4024512
2020-09-23,645.2000122070312,650.5,606.9500122070312,613.0999755859375,568.2216796875,3468619
2020-09-24,600.0,600.0,555.5499877929688,563.8499755859375,522.5767211914062,8878959
2020-09-25,572.0,593.7999877929688,571.0999755859375,590.2999877929688,547.0906372070312,4218797
2020-09-28,599.0,626.5999755859375,597.0,615.1500244140625,570.1215209960938,3650807
2020-09-29,622.0499877929688,626.1500244140625,604.2000122070312,609.5,564.8851928710938,2826324
2020-09-30,615.0,633.5,604.4000244140625,619.3499755859375,574.01416015625,4283750
2020-10-01,627.0,664.6500244140625,625.1500244140625,658.7000122070312,610.4837036132812,6206313
2020-10-05,662.0,676.0,648.2000122070312,655.0999755859375,607.147216796875,2885230
2020-10-06,662.0,664.9500122070312,646.0499877929688,654.5,606.5911865234375,2448075
2020-10-07,653.0999755859375,653.5,626.2999877929688,633.7999877929688,587.406494140625,3455359
2020-10-08,640.0,653.2000122070312,633.0499877929688,639.0499877929688,592.2720947265625,3387053
2020-10-09,633.5,650.0,630.3499755859375,641.0999755859375,594.1719970703125,3505486
2020-10-12,645.0,666.7999877929688,641.7000122070312,661.6500244140625,613.2178955078125,6179352
2020-10-13,662.9500122070312,667.7999877929688,648.2000122070312,651.75,604.04248046875,2847461
2020-10-14,649.0,672.0,639.8499755859375,665.2000122070312,616.5079345703125,3365733
2020-10-15,670.0,674.0,628.3499755859375,632.1500244140625,585.8772583007812,3070145
2020-10-16,637.0,649.0499877929688,626.5,647.0999755859375,599.73291015625,2754471
2020-10-19,647.2000122070312,664.9000244140625,644.2000122070312,657.75,609.603271484375,2552600
2020-10-20,654.0,661.75,647.0,658.6500244140625,610.4373779296875,1709713
2020-10-21,662.9000244140625,683.0,647.4000244140625,665.9500122070312,617.2030639648438,6348185
2020-10-22,664.7000122070312,703.7000122070312,656.25,700.0999755859375,648.853271484375,5635122
2020-10-23,704.2999877929688,717.9000244140625,699.2999877929688,710.0499877929688,658.0748901367188,4382714
2020-10-26,707.0,708.0,686.4500122070312,690.0,639.4925537109375,2022697
2020-10-27,690.0,748.7999877929688,683.2000122070312,737.1500244140625,683.1913452148438,8033181
2020-10-28,729.0,730.0,707.0,712.2000122070312,660.0675659179688,3554864
2020-10-29,700.0,705.7000122070312,682.25,699.0999755859375,647.9263916015625,2937515
2020-10-30,707.0,730.0,670.0,693.4500122070312,642.690185546875,8578423
2020-11-02,693.9000244140625,765.8499755859375,693.9000244140625,754.0499877929688,698.8541870117188,11754743
2020-11-03,754.0,772.7999877929688,750.0,762.8499755859375,707.010009765625,3253660
2020-11-04,761.0,793.0,752.0,788.9500122070312,731.1995849609375,4549825
2020-11-05,793.2000122070312,824.9000244140625,779.5,815.4000244140625,755.7134399414062,5267169
2020-11-06,816.0,862.0,803.0,846.4000244140625,784.4442749023438,6840000
2020-11-09,848.0499877929688,858.75,826.0,835.2999877929688,779.6838989257812,4801211
2020-11-10,839.9500122070312,872.8499755859375,831.0,857.75,800.6390380859375,4765167
2020-11-11,857.75,890.5,847.0999755859375,883.1500244140625,824.3478393554688,6326258
2020-11-12,877.0,877.6500244140625,838.2000122070312,861.1500244140625,803.8126831054688,4093029
2020-11-13,854.0,880.0,847.4500122070312,876.0499877929688,817.7205200195312,3657837
2020-11-14,882.0,884.3499755859375,862.0999755859375,872.2999877929688,814.2202758789062,255893
2020-11-17,873.2999877929688,879.75,857.0,861.0,803.672607421875,3145692
2020-11-18,857.0,931.0,848.7999877929688,925.2999877929688,863.6914672851562,7162075
2020-11-19,917.2000122070312,998.4000244140625,901.3499755859375,911.7999877929688,851.0902099609375,12671760
2020-11-20,918.0999755859375,950.0,904.2999877929688,933.9000244140625,871.7188110351562,8782091
2020-11-23,942.5,979.5499877929688,940.9000244140625,974.6500244140625,909.755615234375,6634589
2020-11-24,982.7000122070312,1039.5,974.0,1029.199951171875,960.6734619140625,7881601
2020-11-25,1034.800048828125,1087.5999755859375,1033.0,1065.0,994.0900268554688,8738438
2020-11-26,1059.3499755859375,1060.0,1022.4000244140625,1051.699951171875,981.6754760742188,5103903
2020-11-27,1060.0,1091.9000244140625,1054.0999755859375,1070.199951171875,998.9434814453125,13521867
2020-12-01,1079.9000244140625,1080.0,1018.7000122070312,1023.5499877929688,955.3997192382812,3971538
2020-12-02,1033.699951171875,1045.0,1020.0,1030.5,961.886962890625,3681293
2020-12-03,1040.0,1058.9000244140625,1028.300048828125,1033.6500244140625,964.8272094726562,3252401
2020-12-04,1041.0,1045.300048828125,986.25,1003.0999755859375,936.311279296875,5059913
2020-12-07,1011.0,1087.0,1010.0499877929688,1063.4000244140625,992.5964965820312,6926188
2020-12-08,1075.0,1080.300048828125,1045.75,1066.75,995.723388671875,4153006
2020-12-09,1072.0,1078.25,1049.0,1062.300048828125,991.569580078125,2465394
2020-12-10,1052.0,1062.0,1025.0,1049.75,979.855224609375,2665772
2020-12-11,1060.0,1075.0999755859375,1035.0,1043.25,973.7880859375,3575835
2020-12-14,1060.0,1073.800048828125,1046.4000244140625,1070.0,998.7569580078125,2996029
2020-12-15,1072.0,1101.699951171875,1053.5999755859375,1092.4000244140625,1019.6654663085938,3716021
2020-12-16,1102.8499755859375,1108.0,1065.0,1073.050048828125,1001.6039428710938,3596858
2020-12-17,1072.0,1076.0999755859375,1051.449951171875,1056.5,986.1558837890625,2033744
2020-12-18,1056.9000244140625,1061.699951171875,1016.0499877929688,1027.800048828125,959.3667602539062,3454877
2020-12-21,1030.0999755859375,1031.0,944.4000244140625,966.8499755859375,902.4749145507812,3793335
2020-12-22,968.9000244140625,976.1500244140625,918.0999755859375,937.9500122070312,875.4991455078125,4570383
2020-12-23,937.7999877929688,969.9000244140625,927.0,961.6500244140625,897.6211547851562,4426672
2020-12-24,974.3499755859375,1029.5999755859375,970.0999755859375,996.5999755859375,930.2440185546875,6604181
2020-12-28,1004.8499755859375,1029.800048828125,998.2000122070312,1016.0499877929688,948.3991088867188,4313417
2020-12-29,1027.699951171875,1049.5999755859375,1022.0,1034.9000244140625,965.9940185546875,4134436
2020-12-30,1043.0,1055.0,1032.4000244140625,1039.050048828125,969.8677368164062,4040813
2020-12-31,1043.0,1051.0,1033.0999755859375,1046.5,976.8215942382812,2202198
2021-01-01,1047.9000244140625,1076.9000244140625,1046.5,1070.8499755859375,999.5504150390625,2596287
2021-01-04,1084.0,1088.0,1063.5999755859375,1076.75,1005.0574340820312,2201670
2021-01-05,1069.949951171875,1119.4000244140625,1058.8499755859375,1114.1500244140625,1039.9674072265625,3186132
2021-01-06,1117.949951171875,1208.5,1116.5,1197.199951171875,1117.487548828125,8907705
2021-01-07,1200.0,1316.9000244140625,1198.0,1306.800048828125,1219.790283203125,9162646
2021-01-08,1306.199951171875,1313.3499755859375,1265.0,1295.699951171875,1209.4293212890625,6264854
2021-01-11,1304.5,1314.5999755859375,1241.0,1251.6500244140625,1168.312255859375,3009112
2021-01-12,1245.0,1309.9000244140625,1230.199951171875,1262.5999755859375,1178.533203125,4879040
2021-01-13,1274.0,1280.800048828125,1177.550048828125,1216.8499755859375,1135.8294677734375,5307342
2021-01-14,1219.9000244140625,1244.0,1184.199951171875,1218.449951171875,1137.3226318359375,4239655
2021-01-15,1219.0,1252.550048828125,1191.199951171875,1204.550048828125,1124.3485107421875,3477096
2021-01-18,1210.0,1212.75,1164.1500244140625,1173.800048828125,1095.6458740234375,2884739
2021-01-19,1183.0,1243.5,1175.0,1228.3499755859375,1146.563720703125,4373503
2021-01-20,1229.699951171875,1262.0,1220.550048828125,1247.699951171875,1164.6253662109375,3408446
2021-01-21,1255.699951171875,1276.3499755859375,1194.199951171875,1206.449951171875,1126.1217041015625,3292375
2021-01-22,1212.0,1224.25,1142.0,1150.6500244140625,1074.037109375,3792976
2021-01-25,1188.0,1264.800048828125,1188.0,1201.050048828125,1121.08154296875,7236073
2021-01-27,1179.800048828125,1180.0,1132.0,1151.050048828125,1074.410400390625,3919772
2021-01-28,1104.0,1152.8499755859375,1097.449951171875,1111.0999755859375,1037.1204833984375,4940451
2021-01-29,1189.0,1319.0,1168.0999755859375,1291.3499755859375,1205.3690185546875,18136253
2021-02-01,1282.5999755859375,1344.800048828125,1266.25,1332.0,1243.3125,6079052
2021-02-02,1360.0,1430.0,1346.699951171875,1366.6500244140625,1275.6553955078125,6146122
2021-02-03,1371.0,1476.1500244140625,1357.0,1465.300048828125,1367.737060546875,5703639
2021-02-04,1450.199951171875,1454.699951171875,1395.0,1420.6500244140625,1326.0599365234375,4201023
2021-02-05,1428.949951171875,1471.0,1372.050048828125,1384.449951171875,1292.2701416015625,3309891
2021-02-08,1415.0,1479.0,1407.8499755859375,1419.5,1324.9864501953125,3663462
2021-02-09,1430.0,1443.75,1390.0,1413.0999755859375,1319.0126953125,2218783
2021-02-10,1401.0999755859375,1456.0,1390.800048828125,1428.0999755859375,1333.0137939453125,3816335
2021-02-11,1420.0,1448.0,1408.300048828125,1441.25,1345.288330078125,1775772
2021-02-12,1425.0999755859375,1461.25,1420.0,1438.25,1342.488037109375,2226804
2021-02-15,1450.0,1534.949951171875,1445.0,1513.3499755859375,1412.587646484375,4911380
2021-02-16,1508.0,1519.0,1461.4000244140625,1477.800048828125,1379.405029296875,2325039
2021-02-17,1483.949951171875,1508.699951171875,1448.1500244140625,1459.699951171875,1362.5098876953125,2630541
2021-02-18,1460.0,1478.0,1428.3499755859375,1438.699951171875,1342.9080810546875,1903207
2021-02-19,1432.8499755859375,1446.0,1381.050048828125,1404.5999755859375,1311.078369140625,2020652
2021-02-22,1414.0,1424.9000244140625,1348.0,1360.1500244140625,1269.5882568359375,2456316
2021-02-23,1370.0,1395.0,1336.199951171875,1377.449951171875,1285.736083984375,2054617
2021-02-24,1378.0,1406.0,1370.050048828125,1377.949951171875,1286.2030029296875,1066375
2021-02-25,1392.0,1404.75,1371.550048828125,1380.300048828125,1288.396484375,2106496
2021-02-26,1349.0,1349.0,1270.0,1282.949951171875,1197.528076171875,4368614
2021-03-01,1305.0,1345.800048828125,1303.1500244140625,1333.5999755859375,1244.805908203125,1832566
2021-03-02,1346.5,1376.0,1330.949951171875,1350.550048828125,1260.6273193359375,1714090
2021-03-03,1365.0,1378.9000244140625,1331.300048828125,1362.1500244140625,1271.4549560546875,1876685
2021-03-04,1346.949951171875,1371.8499755859375,1331.0,1339.3499755859375,1250.1729736328125,1715294
2021-03-05,1329.0,1335.699951171875,1272.0,1289.199951171875,1203.362060546875,2385360
2021-03-08,1306.800048828125,1337.0,1255.0999755859375,1265.8499755859375,1181.5670166015625,3818979
2021-03-09,1280.0,1301.699951171875,1255.0,1270.25,1185.6739501953125,2069774
2021-03-10,1291.1500244140625,1329.800048828125,1289.949951171875,1315.4000244140625,1227.8177490234375,3041247
2021-03-12,1341.0,1342.0,1310.550048828125,1325.449951171875,1237.198486328125,2508940
2021-03-15,1337.949951171875,1341.8499755859375,1238.1500244140625,1276.5999755859375,1191.6009521484375,3701236
2021-03-16,1289.0,1331.800048828125,1280.550048828125,1322.949951171875,1234.8648681640625,2544685
2021-03-17,1327.949951171875,1328.949951171875,1290.0,1321.5999755859375,1233.6048583984375,2253306
2021-03-18,1338.0,1367.699951171875,1303.050048828125,1325.75,1237.4786376953125,2912501
2021-03-19,1312.75,1379.550048828125,1300.5999755859375,1373.949951171875,1282.4691162109375,2880477
2021-03-22,1368.9000244140625,1389.949951171875,1347.050048828125,1381.4000244140625,1289.42333984375,1867037
2021-03-23,1399.0,1434.0,1391.5,1406.300048828125,1312.66552734375,2905964
2021-03-24,1413.0,1427.0,1372.800048828125,1401.800048828125,1308.46484375,2100340
2021-03-25,1406.9000244140625,1407.5999755859375,1351.550048828125,1372.0,1280.6490478515625,2085071
2021-03-26,1380.0,1471.5,1380.0,1429.1500244140625,1333.993896484375,3749669
2021-03-30,1443.449951171875,1445.0,1411.0999755859375,1420.5999755859375,1326.01318359375,2234799
2021-03-31,1423.0999755859375,1443.300048828125,1414.5,1422.300048828125,1327.60009765625,1726596
2021-04-01,1445.0,1479.0,1425.5,1472.699951171875,1374.6444091796875,2450892
2021-04-05,1464.949951171875,1478.300048828125,1390.550048828125,1420.1500244140625,1331.0159912109375,2173089
2021-04-06,1432.0,1459.0,1415.0,1439.199951171875,1348.8702392578125,1802336
2021-04-07,1440.0,1502.5,1413.199951171875,1485.5999755859375,1392.3582763671875,2836860
2021-04-08,1489.9000244140625,1510.0,1473.25,1494.199951171875,1400.418212890625,2237390
2021-04-09,1489.0,1496.800048828125,1455.0,1469.5999755859375,1377.3624267578125,2043647
2021-04-12,1410.0,1415.9000244140625,1292.949951171875,1300.9000244140625,1219.2506103515625,4857960
2021-04-13,1315.0,1398.5999755859375,1311.0,1382.300048828125,1295.5416259765625,4250473
2021-04-15,1375.0,1388.300048828125,1311.0,1380.6500244140625,1293.9952392578125,3590357
2021-04-16,1375.300048828125,1394.949951171875,1365.5999755859375,1378.0,1291.5115966796875,2401238
2021-04-19,1302.0,1353.3499755859375,1287.300048828125,1342.6500244140625,1258.3800048828125,2854467
2021-04-20,1379.0,1386.0,1322.5999755859375,1345.050048828125,1260.629638671875,2499745
2021-04-22,1318.0999755859375,1332.0,1291.199951171875,1326.25,1243.0093994140625,3918786
2021-04-23,1315.0,1387.8499755859375,1311.5,1380.6500244140625,1293.9952392578125,3521274
2021-04-26,1379.0,1379.550048828125,1326.5999755859375,1339.0999755859375,1255.0531005859375,2676531
2021-04-27,1354.5,1357.8499755859375,1319.0999755859375,1325.0,1241.8380126953125,1668760
2021-04-28,1328.0,1414.800048828125,1325.0,1404.800048828125,1316.6295166015625,3411963
2021-04-29,1421.0,1434.5,1390.0,1416.300048828125,1327.407470703125,2894011
2021-04-30,1430.0,1445.0,1335.75,1345.050048828125,1260.629638671875,4155073
2021-05-03,1334.0,1334.4000244140625,1275.6500244140625,1298.8499755859375,1217.3292236328125,2864081
2021-05-04,1325.0,1349.199951171875,1285.550048828125,1291.199951171875,1210.159423828125,2752562
2021-05-05,1310.0,1310.0,1272.0999755859375,1287.050048828125,1206.27001953125,2467446
2021-05-06,1296.0,1317.0,1273.0,1311.4000244140625,1229.0916748046875,2363334
2021-05-07,1315.0,1323.0,1292.5,1297.6500244140625,1216.20458984375,1384163
2021-05-10,1299.0,1341.0,1296.3499755859375,1332.75,1249.1015625,1818551
2021-05-11,1324.0,1348.5,1312.4000244140625,1342.5,1258.239501953125,1458682
2021-05-12,1345.0,1356.0,1328.6500244140625,1343.949951171875,1259.5985107421875,1526477
2021-05-14,1346.0,1372.0,1324.0,1326.5,1243.2437744140625,1940524
2021-05-17,1329.5,1398.0,1320.25,1389.050048828125,1301.8677978515625,1910005
2021-05-18,1405.0,1465.0,1405.0,1450.199951171875,1359.1796875,3118851
2021-05-19,1438.0,1459.800048828125,1405.0,1411.3499755859375,1322.7681884765625,1380208
2021-05-20,1415.0,1428.5999755859375,1396.0,1415.949951171875,1327.07958984375,1224729
2021-05-21,1433.0,1488.0,1420.050048828125,1478.75,1385.93798828125,2251783
2021-05-24,1476.0,1483.0,1447.050048828125,1459.1500244140625,1367.568115234375,1297590
2021-05-25,1465.0,1476.5999755859375,1427.199951171875,1434.300048828125,1344.2779541015625,1136002
2021-05-26,1438.0,1455.75,1428.5,1432.75,1342.8250732421875,1226383
2021-05-27,1435.4000244140625,1449.699951171875,1415.0,1441.449951171875,1350.9788818359375,1729670
2021-05-28,1447.449951171875,1514.4000244140625,1446.0,1455.050048828125,1363.7254638671875,3404190
2021-05-31,1466.0,1466.0,1419.0,1429.800048828125,1340.0601806640625,1526873
2021-06-01,1435.0,1435.199951171875,1388.3499755859375,1411.300048828125,1322.7215576171875,1864587
2021-06-02,1400.0,1436.449951171875,1390.0,1430.050048828125,1340.2947998046875,1380124
2021-06-03,1435.0,1446.0,1410.0,1417.699951171875,1328.7197265625,1043999
2021-06-04,1425.0999755859375,1435.0,1407.75,1423.199951171875,1333.8743896484375,1262714
2021-06-07,1422.5,1514.449951171875,1411.75,1487.449951171875,1394.092041015625,4653545
2021-06-08,1506.0,1529.5999755859375,1471.550048828125,1489.0999755859375,1395.6383056640625,4073414
2021-06-09,1484.9000244140625,1489.0,1424.050048828125,1437.050048828125,1346.8553466796875,3244654
2021-06-10,1440.0,1474.9000244140625,1433.1500244140625,1470.0,1377.7371826171875,1998330
2021-06-11,1472.0,1494.0,1460.0,1475.3499755859375,1382.751220703125,1758173
2021-06-14,1470.0,1483.9000244140625,1427.050048828125,1477.0,1384.2978515625,1722561
2021-06-15,1475.0,1475.0,1442.5,1450.6500244140625,1359.6016845703125,2355758
2021-06-16,1456.5,1464.0,1426.3499755859375,1433.8499755859375,1349.4375,1965538
2021-06-17,1402.0,1437.0,1393.0,1411.4000244140625,1328.30908203125,2471242
2021-06-18,1423.949951171875,1423.949951171875,1344.0,1380.0,1298.7576904296875,2955858
2021-06-21,1355.0,1389.9000244140625,1338.3499755859375,1382.9000244140625,1301.4869384765625,1483205
2021-06-22,1390.0,1401.949951171875,1361.0,1371.699951171875,1290.9462890625,1583514
2021-06-23,1374.9000244140625,1386.0,1361.1500244140625,1366.800048828125,1286.3349609375,984983
2021-06-24,1371.0,1376.0,1353.4000244140625,1363.9000244140625,1283.6055908203125,933525
2021-06-25,1363.9000244140625,1378.0,1355.6500244140625,1368.0999755859375,1287.55810546875,1303376
2021-06-28,1381.949951171875,1389.0,1362.5,1372.550048828125,1291.7462158203125,820564
2021-06-29,1372.4000244140625,1396.0,1348.199951171875,1357.8499755859375,1277.91162109375,1175000
2021-06-30,1365.0,1372.800048828125,1336.949951171875,1342.6500244140625,1263.606689453125,1393713
2021-07-01,1349.699951171875,1365.25,1330.0,1355.5999755859375,1275.794189453125,1088815
2021-07-02,1359.5,1372.5999755859375,1346.0,1362.199951171875,1282.0057373046875,845710
2021-07-05,1365.0,1378.0,1362.5,1374.550048828125,1293.6285400390625,582247
2021-07-06,1375.5,1434.800048828125,1375.5,1413.6500244140625,1330.426513671875,2451004
2021-07-07,1419.949951171875,1450.0,1412.25,1444.3499755859375,1359.3193359375,1582191
2021-07-08,1445.3499755859375,1447.0999755859375,1422.199951171875,1431.550048828125,1347.27294921875,1235327
2021-07-09,1429.0999755859375,1460.0,1418.0,1455.699951171875,1370.001220703125,1127452
2021-07-12,1463.9000244140625,1467.6500244140625,1447.0,1452.4000244140625,1366.8955078125,866198
2021-07-13,1465.0,1465.0,1423.050048828125,1431.800048828125,1347.50830078125,1105808
2021-07-14,1435.0,1436.8499755859375,1415.0,1420.9000244140625,1337.2498779296875,1295492
2021-07-15,1425.0,1465.0,1416.25,1457.9000244140625,1372.071533203125,1464594
2021-07-16,1460.0,1470.5,1444.0,1449.3499755859375,1364.0250244140625,611746
2021-07-19,1425.0,1440.0,1381.9000244140625,1389.8499755859375,1308.02783203125,1704670
2021-07-20,1398.0,1409.9000244140625,1351.0,1395.9000244140625,1313.7216796875,1270061
2021-07-22,1398.9000244140625,1402.550048828125,1370.0,1395.300048828125,1313.1571044921875,1749604
2021-07-23,1397.0,1406.949951171875,1369.0,1385.5999755859375,1304.0279541015625,1055206
2021-07-26,1384.800048828125,1405.0,1325.75,1370.4000244140625,1289.7230224609375,971604
2021-07-27,1379.0999755859375,1412.0,1352.449951171875,1365.699951171875,1285.2994384765625,1630050
2021-07-28,1375.5,1378.0,1350.0999755859375,1372.949951171875,1292.122802734375,1333534
2021-07-29,1364.0,1383.5,1354.0,1371.0,1290.2874755859375,777687
2021-07-30,1378.0,1410.0999755859375,1360.0999755859375,1390.0999755859375,1308.2630615234375,1426400
2021-08-02,1396.0,1430.0,1335.699951171875,1375.8499755859375,1294.8519287109375,3387496
2021-08-03,1377.5999755859375,1388.0,1333.0,1338.3499755859375,1259.5596923828125,2170573
2021-08-04,1350.0,1358.699951171875,1315.0999755859375,1321.5,1243.70166015625,2419783
2021-08-05,1322.199951171875,1337.75,1310.199951171875,1331.949951171875,1253.5364990234375,1488786
2021-08-06,1333.0,1344.0999755859375,1312.449951171875,1315.949951171875,1238.4783935546875,1240399
2021-08-09,1320.0,1320.4000244140625,1295.0,1302.75,1226.055419921875,1088880
2021-08-10,1312.1500244140625,1312.1500244140625,1270.3499755859375,1275.5,1200.4095458984375,1331299
2021-08-11,1277.0,1297.949951171875,1243.800048828125,1295.0,1218.76171875,1555492
2021-08-12,1301.5,1319.5,1287.25,1309.4000244140625,1232.31396484375,828802
2021-08-13,1311.0,1314.800048828125,1288.300048828125,1295.050048828125,1218.808837890625,878734
2021-08-16,1291.0,1305.0,1281.8499755859375,1296.6500244140625,1220.314697265625,843090
2021-08-17,1296.6500244140625,1297.0,1265.0,1280.3499755859375,1204.9742431640625,1037261
2021-08-18,1288.0,1304.8499755859375,1276.449951171875,1293.8499755859375,1217.679443359375,999601
2021-08-20,1280.0,1286.0,1250.0,1254.5,1180.6461181640625,872490
2021-08-23,1275.4000244140625,1275.4000244140625,1216.0,1245.699951171875,1172.3638916015625,1038015
2021-08-24,1240.0,1282.0,1231.300048828125,1279.550048828125,1204.22119140625,960745
2021-08-25,1281.0,1295.25,1259.4000244140625,1267.3499755859375,1192.7396240234375,1030511
2021-08-26,1276.0,1297.1500244140625,1256.949951171875,1265.449951171875,1190.9515380859375,1313532
2021-08-27,1269.949951171875,1291.0,1257.6500244140625,1281.4000244140625,1205.96240234375,786002
2021-08-30,1294.0,1339.25,1283.199951171875,1334.949951171875,1256.3597412109375,1414264
2021-08-31,1335.0,1357.0,1320.5,1352.699951171875,1273.064697265625,1576383
2021-09-01,1352.4000244140625,1355.25,1322.699951171875,1329.9000244140625,1251.607177734375,1235877
2021-09-02,1332.0,1349.0,1326.5999755859375,1343.050048828125,1263.9830322265625,763714
2021-09-03,1349.0,1388.5999755859375,1333.0999755859375,1350.050048828125,1270.57080078125,1602525
2021-09-06,1356.0,1377.0,1340.050048828125,1346.449951171875,1267.182861328125,659070
2021-09-07,1347.5,1368.949951171875,1326.0,1344.800048828125,1265.6300048828125,1236341
2021-09-08,1343.9000244140625,1381.4000244140625,1338.3499755859375,1365.050048828125,1284.687744140625,1709285
2021-09-09,1363.0,1363.0,1335.449951171875,1348.3499755859375,1268.970947265625,758444
2021-09-13,1346.0,1348.3499755859375,1310.75,1341.699951171875,1262.71240234375,725069
2021-09-14,1348.0,1371.0,1344.199951171875,1352.800048828125,1273.1590576171875,670710
2021-09-15,1354.0,1379.3499755859375,1342.0,1366.800048828125,1286.3349609375,1032368
2021-09-16,1366.800048828125,1411.9000244140625,1363.0999755859375,1406.4000244140625,1323.6033935546875,2028564
2021-09-17,1420.0,1425.9000244140625,1355.5999755859375,1360.800048828125,1280.68798828125,1974145
2021-09-20,1350.0,1371.550048828125,1310.75,1320.0999755859375,1242.384033203125,957690
2021-09-21,1330.0,1335.9000244140625,1285.75,1323.75,1245.8192138671875,917028
2021-09-22,1327.0,1353.9000244140625,1327.0,1346.5,1267.22998046875,689948
2021-09-23,1350.0,1385.0,1346.550048828125,1383.0999755859375,1301.6751708984375,1185186
2021-09-24,1395.0,1406.800048828125,1351.050048828125,1355.699951171875,1275.88818359375,1131166
2021-09-27,1359.5,1362.449951171875,1314.0,1324.1500244140625,1246.1956787109375,1097991
2021-09-28,1335.0,1345.6500244140625,1292.5999755859375,1313.199951171875,1235.8902587890625,846327
2021-09-29,1300.0,1311.199951171875,1286.0,1300.3499755859375,1223.7967529296875,906441
2021-09-30,1302.0,1327.0,1293.0,1298.8499755859375,1222.3851318359375,1596376
2021-10-01,1293.8499755859375,1299.550048828125,1273.300048828125,1294.550048828125,1218.3382568359375,926465
2021-10-04,1301.4000244140625,1354.0,1296.050048828125,1350.75,1271.2296142578125,1354688
2021-10-05,1340.0,1357.5,1324.300048828125,1335.25,1256.6422119140625,822061
2021-10-06,1343.25,1344.5,1298.449951171875,1303.199951171875,1226.4788818359375,714031
2021-10-07,1323.199951171875,1346.4000244140625,1315.800048828125,1343.199951171875,1264.1241455078125,747968
2021-10-08,1343.199951171875,1353.4000244140625,1323.449951171875,1330.949951171875,1252.59521484375,465466
2021-10-11,1335.9000244140625,1341.9000244140625,1325.9000244140625,1334.9000244140625,1256.312744140625,494993
2021-10-12,1337.0,1341.949951171875,1320.0,1324.6500244140625,1246.6661376953125,585714
2021-10-13,1338.0,1374.800048828125,1326.050048828125,1366.4000244140625,1285.958251953125,1488487
2021-10-14,1378.449951171875,1399.0999755859375,1356.800048828125,1383.550048828125,1302.0986328125,1775682
2021-10-18,1403.699951171875,1416.699951171875,1380.25,1395.199951171875,1313.062744140625,1179881
2021-10-19,1400.199951171875,1458.0,1383.699951171875,1427.449951171875,1343.414306640625,2982009
2021-10-20,1437.800048828125,1474.6500244140625,1406.800048828125,1438.699951171875,1354.001953125,2012398
2021-10-21,1451.550048828125,1500.0,1441.1500244140625,1490.8499755859375,1403.081787109375,2339585
2021-10-22,1499.0,1558.800048828125,1485.3499755859375,1518.5999755859375,1429.197998046875,3889218
2021-10-25,1540.25,1540.25,1478.550048828125,1516.9000244140625,1427.59814453125,1771779
2021-10-26,1500.0999755859375,1588.0,1496.5999755859375,1525.9000244140625,1436.068603515625,1997703
2021-10-27,1539.0,1558.0,1517.0,1528.3499755859375,1438.3740234375,935794
2021-10-28,1527.949951171875,1527.949951171875,1469.550048828125,1488.699951171875,1401.058349609375,1120864
2021-10-29,1500.0,1500.0,1425.0,1436.199951171875,1351.6490478515625,1394463
2021-11-01,1455.0,1455.0,1389.3499755859375,1430.699951171875,1346.472900390625,1703443
2021-11-02,1440.0,1624.699951171875,1432.25,1576.199951171875,1483.4071044921875,3326480
2021-11-03,1579.0,1643.75,1558.75,1602.6500244140625,1508.300048828125,3163379
2021-11-04,1610.0,1625.949951171875,1608.0,1617.1500244140625,1521.946533203125,214301
2021-11-08,1625.199951171875,1670.0,1621.050048828125,1664.699951171875,1566.6971435546875,1670349
2021-11-09,1676.699951171875,1696.4000244140625,1581.050048828125,1616.050048828125,1528.25537109375,2525791
2021-11-10,1616.050048828125,1643.0,1599.5,1631.199951171875,1542.5823974609375,1285584
2021-11-11,1631.199951171875,1643.0,1601.199951171875,1636.300048828125,1547.4052734375,1013005
2021-11-12,1646.9000244140625,1649.0,1615.949951171875,1622.4000244140625,1534.260498046875,1102283
2021-11-15,1620.0,1626.0,1577.6500244140625,1616.5999755859375,1528.7755126953125,704461
2021-11-16,1617.800048828125,1663.0,1608.0999755859375,1638.949951171875,1549.9112548828125,1109980
2021-11-17,1628.0,1649.9000244140625,1610.550048828125,1630.8499755859375,1542.25146484375,756131
2021-11-18,1632.0999755859375,1644.4000244140625,1585.199951171875,1601.4000244140625,1514.4013671875,965151
2021-11-22,1609.4000244140625,1609.800048828125,1548.1500244140625,1561.6500244140625,1476.810791015625,1055933
2021-11-23,1546.0,1603.1500244140625,1543.75,1587.949951171875,1501.681884765625,662248
2021-11-24,1588.800048828125,1600.949951171875,1570.0,1586.9000244140625,1500.689208984375,462153
2021-11-25,1590.0,1590.0,1530.050048828125,1570.949951171875,1485.60546875,858020
2021-11-26,1542.0,1557.0,1434.449951171875,1446.699951171875,1368.1055908203125,1341147
2021-11-29,1433.550048828125,1445.0,1388.550048828125,1403.25,1327.0162353515625,978778
2021-11-30,1403.0,1446.449951171875,1395.4000244140625,1406.699951171875,1330.27880859375,1768166
2021-12-01,1430.0,1448.949951171875,1399.75,1443.75,1365.31591796875,1107972
2021-12-02,1440.0,1459.949951171875,1426.199951171875,1448.949951171875,1370.2333984375,774184
2021-12-03,1446.699951171875,1478.9000244140625,1438.8499755859375,1447.1500244140625,1368.53125,772727
2021-12-06,1450.0,1475.0,1441.9000244140625,1450.1500244140625,1371.3681640625,577275
2021-12-07,1463.0,1476.300048828125,1441.800048828125,1463.550048828125,1384.0404052734375,760542
2021-12-08,1470.0,1496.8499755859375,1464.0999755859375,1492.3499755859375,1411.275634765625,862895
2021-12-09,1500.0,1509.5,1486.800048828125,1494.050048828125,1412.88330078125,429001
2021-12-10,1500.0,1517.050048828125,1475.550048828125,1504.3499755859375,1422.623779296875,549077
2021-12-13,1520.0,1531.75,1409.0999755859375,1475.6500244140625,1395.48291015625,1833852
2021-12-14,1461.0,1463.6500244140625,1370.050048828125,1384.0999755859375,1308.906494140625,1815916
2021-12-15,1386.0,1390.6500244140625,1350.0,1357.8499755859375,1284.0823974609375,854335
2021-12-16,1371.4000244140625,1382.75,1326.0,1331.800048828125,1259.4476318359375,1239863
2021-12-17,1325.0,1333.800048828125,1265.75,1273.699951171875,1204.504150390625,1062109
2021-12-20,1250.0,1263.4000244140625,1158.800048828125,1200.5999755859375,1135.37548828125,1780656
2021-12-21,1225.0,1225.0,1166.050048828125,1173.75,1109.984130859375,1225029
2021-12-22,1182.050048828125,1192.0,1157.199951171875,1172.449951171875,1108.754638671875,818453
2021-12-23,1182.0,1219.9000244140625,1178.6500244140625,1210.300048828125,1144.5487060546875,1228235
2021-12-24,1220.0,1220.0,1165.800048828125,1177.550048828125,1113.57763671875,1115587
2021-12-27,1177.550048828125,1228.0,1171.1500244140625,1218.699951171875,1152.4921875,1799531
2021-12-28,1225.0,1246.8499755859375,1204.9000244140625,1211.800048828125,1145.967041015625,801160
2021-12-29,1216.25,1224.949951171875,1202.25,1211.6500244140625,1145.8253173828125,1072732
2021-12-30,1212.0,1215.0,1185.0999755859375,1198.199951171875,1133.10595703125,801796
2021-12-31,1204.699951171875,1231.5,1201.9000244140625,1217.0,1150.884521484375,1058163
2022-01-03,1221.800048828125,1258.199951171875,1217.550048828125,1250.75,1182.801025390625,572005
2022-01-04,1257.0,1276.199951171875,1231.25,1252.949951171875,1184.881591796875,1277478
2022-01-05,1252.949951171875,1276.75,1245.0,1249.800048828125,1181.902587890625,841324
2022-01-06,1249.0,1249.0,1209.0,1216.300048828125,1150.2225341796875,978413
2022-01-07,1216.199951171875,1231.3499755859375,1203.9000244140625,1215.5,1149.4659423828125,862316
2022-01-10,1220.0999755859375,1243.0,1208.199951171875,1222.9000244140625,1156.464111328125,970148
2022-01-11,1222.5,1231.800048828125,1208.0,1223.5999755859375,1157.1259765625,600043
2022-01-12,1226.0999755859375,1249.0,1224.0,1245.25,1177.5997314453125,1256723
2022-01-13,1253.800048828125,1257.0,1234.0,1247.449951171875,1179.68017578125,633459
2022-01-14,1240.5,1264.800048828125,1229.0999755859375,1240.300048828125,1172.918701171875,854183
2022-01-17,1242.0,1254.9000244140625,1236.9000244140625,1239.050048828125,1171.7366943359375,489239
2022-01-18,1235.0,1267.0,1186.25,1203.9000244140625,1138.4962158203125,1426827
2022-01-19,1205.0,1206.5,1170.949951171875,1195.300048828125,1130.3634033203125,1062500
2022-01-20,1198.0,1234.25,1197.050048828125,1220.949951171875,1154.619873046875,1293003
2022-01-21,1214.0,1223.800048828125,1185.0,1198.5,1133.3895263671875,1166808
2022-01-24,1195.0999755859375,1203.0,1140.9000244140625,1154.5999755859375,1091.8743896484375,1870772
2022-01-25,1140.0,1202.800048828125,1103.199951171875,1166.699951171875,1103.31689453125,2094722
2022-01-27,1179.949951171875,1247.6500244140625,1170.0999755859375,1241.0999755859375,1173.6751708984375,2948439
2022-01-28,1250.0,1299.8499755859375,1236.050048828125,1242.8499755859375,1175.330322265625,1858093
2022-01-31,1259.0,1272.0,1225.0,1228.4000244140625,1161.6651611328125,973425
2022-02-01,1248.5999755859375,1290.0,1234.550048828125,1280.25,1210.6982421875,1105798
2022-02-02,1291.0,1304.3499755859375,1271.0,1283.800048828125,1214.0555419921875,909404
2022-02-03,1287.0,1287.0,1255.0,1263.199951171875,1194.5745849609375,473461
2022-02-04,1260.0,1267.5999755859375,1229.050048828125,1233.199951171875,1166.2042236328125,526797
2022-02-07,1235.0,1251.0,1211.0,1218.800048828125,1152.586669921875,406059
2022-02-08,1225.5999755859375,1245.3499755859375,1206.6500244140625,1240.25,1172.871337890625,761581
2022-02-09,1240.0,1254.0,1233.0,1245.1500244140625,1177.5052490234375,444026
2022-02-10,1245.0,1275.0,1232.0999755859375,1265.5999755859375,1196.8441162109375,633358
2022-02-11,1253.0,1264.0,1228.199951171875,1235.550048828125,1168.4266357421875,583974
2022-02-14,1206.0,1206.0,1153.5999755859375,1160.8499755859375,1097.784912109375,1315646
2022-02-15,1171.0,1220.9000244140625,1143.1500244140625,1208.0,1142.373291015625,977314
2022-02-16,1224.050048828125,1274.4000244140625,1216.0999755859375,1220.5999755859375,1154.2889404296875,1869517
2022-02-17,1232.0,1282.3499755859375,1229.4000244140625,1277.449951171875,1208.0504150390625,2219232
2022-02-18,1269.0,1291.949951171875,1250.4000244140625,1258.0999755859375,1189.7515869140625,1216867
2022-02-21,1244.0,1252.550048828125,1210.0999755859375,1220.199951171875,1153.9105224609375,909203
2022-02-22,1200.0,1216.0,1176.3499755859375,1204.199951171875,1138.7799072265625,881633
2022-02-23,1218.0,1221.800048828125,1171.550048828125,1175.0999755859375,1111.2607421875,934059
2022-02-24,1140.0,1154.449951171875,1060.0,1068.5999755859375,1010.546630859375,1505101
2022-02-25,1115.5999755859375,1159.4000244140625,1102.25,1127.5,1066.2467041015625,1857537
2022-02-28,1109.0,1128.0,1081.0,1124.199951171875,1063.1258544921875,1370871
2022-03-02,1103.0,1147.300048828125,1066.0,1095.550048828125,1036.0323486328125,1686020
2022-03-03,1117.0,1136.0,1094.0,1105.449951171875,1045.3946533203125,1103619
2022-03-04,1099.0,1116.5,1081.0,1089.1500244140625,1029.9801025390625,1068191
2022-03-07,1055.0,1059.8499755859375,1016.2999877929688,1021.2999877929688,965.8162231445312,980312
2022-03-08,1016.0,1049.800048828125,1002.0,1041.5999755859375,985.0133056640625,2443557
2022-03-09,1061.199951171875,1072.3499755859375,1041.199951171875,1061.8499755859375,1004.1632690429688,1283009
2022-03-10,1098.0,1100.0,1055.0999755859375,1079.5,1020.8544921875,1669933
2022-03-11,1058.300048828125,1094.550048828125,1056.5,1090.949951171875,1043.27978515625,1178097
2022-03-14,1094.949951171875,1116.0,1077.5999755859375,1112.699951171875,1064.0792236328125,1326085
2022-03-15,1115.0,1137.0,1080.0,1090.1500244140625,1042.5146484375,1554591
2022-03-16,1108.699951171875,1130.0,1095.199951171875,1109.5,1061.019287109375,1505450
2022-03-17,1125.0,1144.4000244140625,1120.6500244140625,1129.550048828125,1080.193115234375,1195534
2022-03-21,1130.550048828125,1141.4000244140625,1084.800048828125,1086.4000244140625,1038.9287109375,1261670
2022-03-22,1082.0,1105.0,1066.0,1098.1500244140625,1050.1651611328125,1613907
2022-03-23,1103.0,1110.0,1088.0999755859375,1096.199951171875,1048.3004150390625,867015
2022-03-24,1093.949951171875,1101.5999755859375,1086.5999755859375,1092.4000244140625,1044.66650390625,665807
2022-03-25,1099.8499755859375,1112.4000244140625,1086.050048828125,1103.0,1054.8031005859375,646856
2022-03-28,1108.5,1120.550048828125,1083.75,1115.550048828125,1066.804931640625,1433694
2022-03-29,1115.550048828125,1127.0,1099.0,1123.4000244140625,1074.3118896484375,1326402
2022-03-30,1127.0,1138.800048828125,1119.0,1124.449951171875,1075.31591796875,498818
2022-03-31,1127.0,1144.4000244140625,1119.0,1134.8499755859375,1085.261474609375,874337
2022-04-01,1135.0,1199.0,1127.9000244140625,1181.3499755859375,1129.7294921875,894692
2022-04-04,1184.0,1190.0,1170.0,1179.0,1127.4822998046875,553251
2022-04-05,1184.0,1187.449951171875,1165.550048828125,1170.5,1119.353759765625,1495778
2022-04-06,1159.0,1180.0,1155.050048828125,1167.050048828125,1116.054443359375,1029704
2022-04-07,1161.0,1184.949951171875,1158.0,1174.0999755859375,1122.79638671875,2043146
2022-04-08,1189.3499755859375,1213.5,1166.800048828125,1207.199951171875,1154.4500732421875,2402752
2022-04-11,1215.0,1238.0,1198.050048828125,1223.5999755859375,1170.1334228515625,1108230
2022-04-12,1224.949951171875,1224.949951171875,1170.0999755859375,1180.9000244140625,1129.29931640625,1060299
2022-04-13,1192.0,1197.1500244140625,1178.449951171875,1183.949951171875,1132.2159423828125,467562
2022-04-18,1162.0,1174.800048828125,1121.0999755859375,1164.25,1113.376953125,1439979
2022-04-19,1179.25,1189.0,1102.0,1118.5999755859375,1069.7215576171875,1457853
2022-04-20,1112.5,1133.75,1092.050048828125,1114.25,1065.5616455078125,639077
2022-04-21,1124.0,1153.949951171875,1118.0999755859375,1150.8499755859375,1100.5623779296875,778280
2022-04-22,1140.0,1140.0,1100.449951171875,1108.0,1059.584716796875,886477
2022-04-25,1095.0,1104.0,1076.3499755859375,1096.5999755859375,1048.682861328125,1078260
2022-04-26,1107.949951171875,1161.0,1103.0,1157.25,1106.6827392578125,1559842
2022-04-27,1142.0,1166.699951171875,1134.0,1141.25,1091.3818359375,1000461
2022-04-28,1148.0,1163.0,1135.5999755859375,1141.800048828125,1091.9078369140625,2451192
2022-04-29,1194.4000244140625,1239.0,1174.1500244140625,1202.050048828125,1149.525146484375,6130269
2022-05-02,1189.699951171875,1237.0,1184.949951171875,1230.25,1176.492919921875,1998919
2022-05-04,1232.0,1257.449951171875,1131.0999755859375,1148.9000244140625,1098.6973876953125,1945894
2022-05-05,1169.9000244140625,1194.949951171875,1148.1500244140625,1161.550048828125,1110.794921875,1021326
2022-05-06,1133.0,1193.0,1133.0,1183.800048828125,1132.0726318359375,1904964
2022-05-09,1178.0,1178.0,1135.5999755859375,1157.0,1106.443603515625,1520525
2022-05-10,1157.0,1177.949951171875,1145.0,1160.3499755859375,1109.647216796875,902676
2022-05-11,1155.0,1164.3499755859375,1097.199951171875,1120.0,1071.060302734375,1783624
2022-05-12,1120.0,1120.0,1047.0999755859375,1064.75,1018.224609375,1879485
2022-05-13,1082.0,1094.9000244140625,1047.5999755859375,1061.5999755859375,1015.212158203125,1696481
2022-05-16,1060.0,1097.5,1051.800048828125,1090.550048828125,1042.897216796875,1366678
2022-05-17,1097.0,1120.800048828125,1082.0,1108.75,1060.3018798828125,820255
2022-05-18,1120.0,1126.800048828125,1087.199951171875,1097.699951171875,1049.734619140625,859268
2022-05-19,1069.0,1086.5999755859375,1064.0,1078.5,1031.3739013671875,1622176
2022-05-20,1097.0,1109.0,1083.5999755859375,1096.0,1048.1090087890625,659263
2022-05-23,1100.0,1147.9000244140625,1100.0,1136.6500244140625,1086.98291015625,1214098
2022-05-24,1133.8499755859375,1144.9000244140625,1103.050048828125,1127.75,1078.4716796875,1613913
2022-05-25,1136.0,1146.3499755859375,1102.75,1117.199951171875,1068.382568359375,1003508
2022-05-26,1121.0,1151.0,1102.5999755859375,1146.6500244140625,1096.5458984375,702979
2022-05-27,1161.5,1161.5,1131.199951171875,1142.449951171875,1092.529296875,454382
2022-05-30,1157.0,1185.0,1141.9000244140625,1171.9000244140625,1120.692626953125,835359
2022-05-31,1171.9000244140625,1195.699951171875,1145.0,1176.199951171875,1124.8046875,2788284
2022-06-01,1175.199951171875,1200.0,1166.0,1184.949951171875,1133.17236328125,1035244
2022-06-02,1185.5,1196.0,1175.25,1192.9000244140625,1140.7750244140625,558074
2022-06-03,1195.5,1197.949951171875,1168.3499755859375,1178.5,1127.0042724609375,1079344
2022-06-06,1176.0,1194.699951171875,1154.5,1185.800048828125,1133.9853515625,504905
2022-06-07,1171.550048828125,1183.300048828125,1142.550048828125,1179.300048828125,1127.769287109375,823218
2022-06-08,1180.0,1197.1500244140625,1162.199951171875,1175.25,1123.8961181640625,750777
2022-06-09,1168.0,1172.6500244140625,1155.0,1167.800048828125,1116.771728515625,895329
2022-06-10,1158.0,1167.5999755859375,1152.6500244140625,1165.300048828125,1114.381103515625,424389
2022-06-13,1145.0,1159.9000244140625,1115.5,1133.9000244140625,1084.3529052734375,879896
2022-06-14,1123.9000244140625,1148.5999755859375,1121.0,1139.449951171875,1089.6605224609375,772156
2022-06-15,1145.0999755859375,1153.0,1131.5999755859375,1150.0,1099.7493896484375,669104
2022-06-16,1158.0,1175.0,1123.6500244140625,1142.75,1092.81640625,1339770
2022-06-17,1136.5,1154.5,1112.550048828125,1149.050048828125,1098.8409423828125,1346148
2022-06-20,1150.0,1161.8499755859375,1116.449951171875,1138.9000244140625,1089.1343994140625,877357
2022-06-21,1147.0,1183.300048828125,1128.800048828125,1173.949951171875,1122.6529541015625,856186
2022-06-22,1167.5,1199.0,1165.050048828125,1171.5999755859375,1120.4056396484375,978195
2022-06-23,1161.25,1217.199951171875,1160.0999755859375,1197.800048828125,1145.4608154296875,790862
2022-06-24,1210.449951171875,1255.75,1203.0,1245.300048828125,1190.8853759765625,999204
2022-06-27,1269.0,1269.0,1245.4000244140625,1252.449951171875,1197.72265625,825457
2022-06-28,1243.0,1263.449951171875,1239.300048828125,1251.050048828125,1196.384033203125,705427
2022-06-29,1240.0,1259.800048828125,1218.0,1224.0999755859375,1170.611572265625,545482
2022-06-30,1235.0,1297.199951171875,1229.1500244140625,1281.3499755859375,1225.35986328125,1991230
2022-07-01,1266.199951171875,1274.800048828125,1238.5,1265.699951171875,1210.393798828125,1071657
2022-07-04,1251.0,1289.0999755859375,1250.0,1264.8499755859375,1209.5810546875,401723
2022-07-05,1268.8499755859375,1310.449951171875,1261.050048828125,1277.4000244140625,1221.5826416015625,1254445
2022-07-06,1273.1500244140625,1296.300048828125,1270.0999755859375,1284.050048828125,1227.942138671875,631562
2022-07-07,1280.0,1321.550048828125,1258.0,1308.25,1251.0845947265625,989188
2022-07-08,1319.800048828125,1323.550048828125,1271.0,1280.449951171875,1224.499267578125,730563
2022-07-11,1275.6500244140625,1280.0,1240.0999755859375,1256.1500244140625,1201.2611083984375,738308
2022-07-12,1249.0,1257.5,1233.699951171875,1236.300048828125,1182.2786865234375,688491
2022-07-13,1244.0999755859375,1274.9000244140625,1240.3499755859375,1268.9000244140625,1213.4539794921875,630265
2022-07-14,1274.0,1299.449951171875,1270.050048828125,1294.949951171875,1238.36572265625,640653
2022-07-15,1300.0,1318.0,1275.9000244140625,1314.6500244140625,1257.204833984375,540609
2022-07-18,1332.0,1418.949951171875,1323.0,1397.0999755859375,1336.052001953125,1084069
2022-07-19,1382.199951171875,1399.0,1357.3499755859375,1391.550048828125,1330.744873046875,998630
2022-07-20,1410.0,1431.25,1401.550048828125,1408.050048828125,1346.5238037109375,925985
2022-07-21,1403.0,1468.449951171875,1395.4000244140625,1461.9000244140625,1398.020751953125,971061
2022-07-22,1467.0,1499.9000244140625,1456.5,1496.0999755859375,1430.726318359375,962083
2022-07-25,1473.0,1509.0,1473.0,1496.5,1431.1087646484375,944333
2022-07-26,1496.0,1508.9000244140625,1473.699951171875,1478.3499755859375,1413.7518310546875,820528
2022-07-27,1461.0,1474.0,1435.0,1450.800048828125,1387.40576171875,1340539
2022-07-28,1478.0,1506.199951171875,1443.0,1460.949951171875,1397.1121826171875,1711547
2022-07-29,1480.0,1480.0,1370.5,1379.75,1319.460205078125,1859314
2022-08-01,1380.0,1398.0,1361.0999755859375,1374.8499755859375,1314.7744140625,941805
2022-08-02,1377.0,1403.3499755859375,1363.1500244140625,1379.0999755859375,1318.8387451171875,972376
2022-08-03,1385.0,1396.449951171875,1348.0999755859375,1360.25,1300.812255859375,746607
2022-08-04,1377.0,1377.0,1333.550048828125,1359.9000244140625,1300.4776611328125,929354
2022-08-05,1369.6500244140625,1378.800048828125,1354.050048828125,1362.449951171875,1302.9161376953125,630627
2022-08-08,1370.0,1404.0,1356.0,1392.25,1331.4140625,955157
2022-08-10,1395.0,1409.5999755859375,1385.199951171875,1396.4000244140625,1335.3828125,800796
2022-08-11,1405.6500244140625,1425.300048828125,1391.199951171875,1406.050048828125,1344.611083984375,1131705
2022-08-12,1406.0,1406.050048828125,1362.550048828125,1367.949951171875,1308.17578125,1045053
2022-08-16,1365.0,1387.0,1352.800048828125,1364.699951171875,1305.06787109375,1311198
2022-08-17,1364.0,1369.0,1351.0,1355.550048828125,1296.31787109375,1319975
2022-08-18,1350.25,1365.25,1327.050048828125,1348.449951171875,1289.528076171875,876771
2022-08-19,1350.050048828125,1364.9000244140625,1340.0,1346.8499755859375,1287.9976806640625,763139
2022-08-22,1364.8499755859375,1364.8499755859375,1305.0,1312.8499755859375,1255.4835205078125,849345
2022-08-23,1305.449951171875,1356.5999755859375,1298.199951171875,1336.5999755859375,1278.19580078125,876633
2022-08-24,1346.0,1349.699951171875,1327.0999755859375,1343.050048828125,1284.36376953125,405970
2022-08-25,1349.0,1363.699951171875,1320.0,1324.699951171875,1266.8157958984375,658439
2022-08-26,1335.0,1347.449951171875,1324.1500244140625,1333.3499755859375,1275.0877685546875,421524
2022-08-29,1302.25,1331.800048828125,1300.0,1324.9000244140625,1267.0069580078125,425616
2022-08-30,1332.0,1359.050048828125,1330.449951171875,1354.6500244140625,1295.4571533203125,1028445
2022-09-01,1342.0,1358.0,1323.0,1329.25,1271.1669921875,443594
2022-09-02,1340.0,1340.0,1306.5999755859375,1308.5999755859375,1251.4193115234375,464317
2022-09-05,1320.9000244140625,1338.0,1310.050048828125,1320.800048828125,1263.086181640625,597687
2022-09-06,1333.800048828125,1391.550048828125,1317.449951171875,1384.75,1324.24169921875,1611743
2022-09-07,1376.0,1390.8499755859375,1361.0,1366.5999755859375,1306.8848876953125,692967
2022-09-08,1374.0,1385.9000244140625,1356.0,1361.449951171875,1301.9599609375,636922
2022-09-09,1369.949951171875,1375.0,1320.0,1324.0999755859375,1266.241943359375,604552
2022-09-12,1331.25,1334.3499755859375,1310.0,1328.5,1270.4498291015625,949073
2022-09-13,1335.0,1350.0,1323.6500244140625,1332.5999755859375,1274.37060546875,719661
2022-09-14,1323.3499755859375,1354.449951171875,1315.0999755859375,1334.6500244140625,1276.3310546875,737832
2022-09-15,1341.3499755859375,1374.0,1313.0,1325.949951171875,1268.01123046875,952019
2022-09-16,1329.800048828125,1338.0,1268.0,1284.050048828125,1227.942138671875,1023437
2022-09-19,1287.0,1308.300048828125,1280.0999755859375,1286.9000244140625,1230.6676025390625,393841
2022-09-20,1295.199951171875,1318.5,1290.0,1296.0999755859375,1239.4654541015625,761700
2022-09-21,1299.75,1309.949951171875,1263.0,1272.800048828125,1217.1837158203125,755997
2022-09-22,1263.0,1276.0,1241.25,1257.199951171875,1202.26513671875,808308
2022-09-23,1255.0,1256.9000244140625,1196.550048828125,1203.1500244140625,1150.5770263671875,1115682
2022-09-26,1191.1500244140625,1202.199951171875,1148.25,1174.949951171875,1123.609375,792142
2022-09-27,1180.0999755859375,1189.1500244140625,1146.0,1165.050048828125,1114.141845703125,612153
2022-09-28,1159.75,1193.5,1155.0,1174.9000244140625,1123.5614013671875,1407471
2022-09-29,1190.0,1212.6500244140625,1187.0,1209.25,1156.4105224609375,1772644
2022-09-30,1200.0,1222.75,1189.0,1197.550048828125,1145.221923828125,737837
2022-10-03,1200.0,1217.0,1157.6500244140625,1169.6500244140625,1118.540771484375,678713
2022-10-04,1180.0999755859375,1203.75,1175.4000244140625,1199.8499755859375,1147.421142578125,577246
2022-10-06,1210.800048828125,1218.0,1192.0,1197.75,1145.4129638671875,857102
2022-10-07,1197.0,1209.6500244140625,1170.5999755859375,1199.0999755859375,1146.7041015625,1009563
2022-10-10,1183.949951171875,1192.699951171875,1164.0,1177.75,1126.286865234375,605273
2022-10-11,1175.0,1194.25,1169.949951171875,1173.8499755859375,1122.5572509765625,417276
2022-10-12,1179.75,1217.8499755859375,1171.6500244140625,1212.0,1159.0404052734375,464533
2022-10-13,1210.9000244140625,1210.9000244140625,1175.050048828125,1189.0,1137.04541015625,403331
2022-10-14,1200.0,1215.800048828125,1180.3499755859375,1183.9000244140625,1132.168212890625,685904
2022-10-17,1180.199951171875,1197.3499755859375,1172.0,1192.4000244140625,1140.296875,313435
2022-10-18,1209.800048828125,1230.8499755859375,1201.5999755859375,1224.1500244140625,1170.6593017578125,878966
2022-10-19,1225.0,1234.0,1205.1500244140625,1214.550048828125,1161.4788818359375,366781
2022-10-20,1212.800048828125,1228.449951171875,1195.0,1215.800048828125,1162.6744384765625,667824
2022-10-21,1225.0,1232.75,1183.4000244140625,1197.699951171875,1145.3651123046875,1000582
2022-10-24,1215.0,1215.0,1192.0999755859375,1199.0,1146.6083984375,79152
2022-10-25,1200.0,1240.0,1185.199951171875,1217.0999755859375,1163.9173583984375,943687
2022-10-27,1225.0,1253.699951171875,1211.050048828125,1246.9000244140625,1192.4154052734375,908707
2022-10-28,1253.1500244140625,1283.8499755859375,1244.050048828125,1274.699951171875,1219.0006103515625,553139
2022-10-31,1273.949951171875,1273.949951171875,1225.0,1229.1500244140625,1175.4410400390625,620831
2022-11-01,1231.5,1236.300048828125,1203.0,1207.699951171875,1154.92822265625,1335115
2022-11-02,1208.0,1222.800048828125,1200.0,1207.800048828125,1155.0238037109375,546792
2022-11-03,1202.0,1243.3499755859375,1195.8499755859375,1240.25,1186.055908203125,727250
2022-11-04,1245.0,1264.300048828125,1240.4000244140625,1259.550048828125,1204.5125732421875,667552
2022-11-07,1264.3499755859375,1294.0,1256.699951171875,1289.1500244140625,1232.819091796875,451657
2022-11-09,1264.0,1299.0,1264.0,1275.300048828125,1219.5743408203125,397958
2022-11-10,1269.800048828125,1290.0,1237.449951171875,1245.1500244140625,1190.74169921875,617832
2022-11-11,1252.0,1287.0,1252.0,1276.75,1220.9609375,497608
2022-11-14,1279.9000244140625,1285.5,1255.4000244140625,1265.75,1210.441650390625,331198
2022-11-15,1269.949951171875,1270.0999755859375,1246.050048828125,1252.699951171875,1197.9617919921875,294927
2022-11-16,1252.0,1254.800048828125,1225.300048828125,1233.6500244140625,1179.7442626953125,497356
2022-11-17,1232.0,1309.800048828125,1232.0,1275.6500244140625,1219.9091796875,2179171
2022-11-18,1275.5,1284.449951171875,1242.0,1251.25,1196.5751953125,1133116
2022-11-21,1252.449951171875,1305.0,1243.0,1300.1500244140625,1243.3385009765625,2285464
2022-11-22,1304.949951171875,1354.949951171875,1291.0,1346.5,1287.6632080078125,1970331
2022-11-23,1350.0,1362.949951171875,1325.25,1334.25,1275.948486328125,1391299
2022-11-24,1340.949951171875,1340.949951171875,1305.0,1311.699951171875,1254.3837890625,700833
2022-11-25,1315.0,1322.0,1275.199951171875,1280.1500244140625,1224.21240234375,865105
2022-11-28,1274.0,1294.800048828125,1247.0,1264.75,1209.4853515625,4562156
2022-11-29,1252.75,1281.0,1251.5,1270.300048828125,1214.7928466796875,1748490
2022-11-30,1272.449951171875,1375.0,1272.0,1350.0,1291.0101318359375,2275703
2022-12-01,1346.449951171875,1346.449951171875,1277.0,1286.8499755859375,1230.61962890625,1602257
2022-12-02,1286.6500244140625,1298.199951171875,1268.0,1290.3499755859375,1233.966796875,1033710
2022-12-05,1296.0,1300.0,1279.0,1294.8499755859375,1238.2701416015625,883532
2022-12-06,1295.0,1339.0,1290.199951171875,1326.550048828125,1268.585205078125,2034376
2022-12-07,1328.0,1366.75,1327.0,1335.199951171875,1276.8570556640625,1388697
2022-12-08,1334.9000244140625,1355.0,1325.0,1338.199951171875,1279.7257080078125,569275
2022-12-09,1348.4000244140625,1354.0999755859375,1316.449951171875,1344.050048828125,1285.3203125,640553
2022-12-12,1340.0,1375.949951171875,1328.25,1363.550048828125,1303.96826171875,1187767
2022-12-13,1361.0,1370.949951171875,1340.0,1365.8499755859375,1306.167724609375,395593
2022-12-14,1365.949951171875,1380.0,1355.4000244140625,1378.550048828125,1318.312744140625,827606
2022-12-15,1375.4000244140625,1404.199951171875,1370.050048828125,1393.199951171875,1332.322509765625,755612
2022-12-16,1377.0,1404.0,1338.0999755859375,1370.449951171875,1310.566650390625,1814246
2022-12-19,1373.949951171875,1386.8499755859375,1362.0,1372.25,1312.2880859375,659439
2022-12-20,1369.9000244140625,1399.0,1352.4000244140625,1389.25,1328.5450439453125,570309
2022-12-21,1386.800048828125,1419.5,1360.25,1369.4000244140625,1309.5625,857326
2022-12-22,1375.0,1387.0,1328.3499755859375,1339.4000244140625,1280.8734130859375,309992
2022-12-23,1326.949951171875,1326.949951171875,1290.5999755859375,1301.5,1244.6295166015625,312995
2022-12-26,1301.550048828125,1367.0,1295.050048828125,1351.1500244140625,1292.1099853515625,321370
2022-12-27,1362.0,1390.0,1329.550048828125,1378.9000244140625,1318.6473388671875,484073
2022-12-28,1363.550048828125,1397.0,1352.5,1388.5999755859375,1327.923583984375,440215
2022-12-29,1349.0,1349.0,1251.3499755859375,1312.25,1254.909912109375,3989146
2022-12-30,1330.0,1384.800048828125,1325.1500244140625,1376.9000244140625,1316.73486328125,1465870
2023-01-02,1381.0,1390.0,1362.0,1385.800048828125,1325.2459716796875,436989
2023-01-03,1368.800048828125,1376.949951171875,1335.5999755859375,1349.6500244140625,1304.7989501953125,535645
2023-01-04,1348.0,1352.9000244140625,1317.8499755859375,1328.3499755859375,1284.20654296875,541935
2023-01-05,1335.949951171875,1340.0,1311.25,1319.9000244140625,1276.03759765625,461987
2023-01-06,1324.9000244140625,1325.75,1287.0,1294.6500244140625,1251.6265869140625,319983
2023-01-09,1300.0,1324.699951171875,1299.5,1318.5999755859375,1274.7806396484375,469651
2023-01-10,1322.6500244140625,1337.5999755859375,1318.5999755859375,1333.9000244140625,1289.5721435546875,569860
2023-01-11,1334.0,1343.8499755859375,1319.0999755859375,1334.5,1290.1522216796875,289049
2023-01-12,1341.5,1342.25,1305.199951171875,1312.6500244140625,1269.028564453125,451870
2023-01-13,1310.0,1313.0,1267.5999755859375,1283.199951171875,1240.5570068359375,919496
2023-01-16,1289.0,1301.550048828125,1269.0,1272.699951171875,1230.406005859375,509856
2023-01-17,1277.75,1280.6500244140625,1262.9000244140625,1271.6500244140625,1229.3909912109375,633527
2023-01-18,1278.0,1291.75,1256.1500244140625,1284.0,1241.3304443359375,475166
2023-01-19,1284.0,1297.3499755859375,1272.300048828125,1294.800048828125,1251.7716064453125,497959
2023-01-20,1294.0,1294.0,1266.4000244140625,1277.300048828125,1234.853271484375,396914
2023-01-23,1282.0999755859375,1296.949951171875,1274.9000244140625,1284.5999755859375,1241.910400390625,253966
2023-01-24,1287.9000244140625,1292.800048828125,1263.0,1265.300048828125,1223.251953125,212299
2023-01-25,1268.550048828125,1270.6500244140625,1230.0,1254.199951171875,1212.520751953125,426186
2023-01-27,1255.0,1284.0,1230.050048828125,1241.050048828125,1199.8077392578125,482105
2023-01-30,1239.0,1264.9000244140625,1227.4000244140625,1243.8499755859375,1202.5147705078125,1181135
2023-01-31,1247.5999755859375,1295.4000244140625,1233.4000244140625,1286.5999755859375,1243.843994140625,1210700
2023-02-01,1328.0,1366.9000244140625,1278.199951171875,1297.3499755859375,1254.2369384765625,1587326
2023-02-02,1292.9000244140625,1299.5999755859375,1253.0,1264.5,1222.4783935546875,510516
2023-02-03,1271.199951171875,1284.199951171875,1250.0,1279.050048828125,1236.5450439453125,520118
2023-02-06,1260.0,1297.5999755859375,1260.0,1293.6500244140625,1250.6597900390625,417671
2023-02-07,1293.9000244140625,1303.0,1279.0,1291.300048828125,1248.387939453125,388156
2023-02-08,1297.800048828125,1310.800048828125,1290.050048828125,1307.6500244140625,1264.1947021484375,343154
2023-02-09,1308.5,1317.449951171875,1298.550048828125,1315.050048828125,1271.3486328125,287531
2023-02-10,1320.0,1320.0,1267.699951171875,1278.5999755859375,1236.10986328125,671726
2023-02-13,1278.5999755859375,1284.699951171875,1253.0,1256.0999755859375,1214.3575439453125,357878
2023-02-14,1262.0,1274.5,1249.9000244140625,1270.199951171875,1227.989013671875,210017
2023-02-15,1265.5,1277.9000244140625,1257.0,1272.699951171875,1230.406005859375,247214
2023-02-16,1282.0,1282.300048828125,1246.3499755859375,1258.699951171875,1216.8712158203125,660983
2023-02-17,1249.9000244140625,1261.300048828125,1230.5,1234.0999755859375,1193.088623046875,415463
2023-02-20,1258.800048828125,1258.800048828125,1234.199951171875,1237.199951171875,1196.085693359375,461821
2023-02-21,1247.0,1252.6500244140625,1211.0,1214.949951171875,1174.5750732421875,432710
2023-02-22,1211.0,1221.300048828125,1195.0999755859375,1208.050048828125,1167.904541015625,650647
2023-02-23,1209.949951171875,1215.25,1195.0999755859375,1200.300048828125,1160.4119873046875,328241
2023-02-24,1202.800048828125,1222.0,1200.9000244140625,1218.449951171875,1177.9588623046875,492821
2023-02-27,1218.449951171875,1220.5999755859375,1192.0,1202.9000244140625,1162.925537109375,287505
2023-02-28,1205.0,1212.6500244140625,1190.0,1203.3499755859375,1163.360595703125,2652122
2023-03-01,1207.0,1231.449951171875,1205.0,1221.6500244140625,1181.0526123046875,582647
2023-03-02,1223.0,1224.9000244140625,1193.0,1209.5999755859375,1169.40283203125,544128
2023-03-03,1215.6500244140625,1229.0,1210.3499755859375,1216.9000244140625,1176.46044921875,367345
2023-03-06,1220.0,1249.050048828125,1220.0,1246.8499755859375,1205.4149169921875,629184
2023-03-08,1245.0,1294.9000244140625,1221.0999755859375,1270.449951171875,1228.2308349609375,10340585
2023-03-09,1279.949951171875,1314.699951171875,1275.0,1290.4000244140625,1247.517822265625,1604402
2023-03-10,1284.949951171875,1285.0,1258.449951171875,1269.6500244140625,1227.457275390625,289325
2023-03-13,1270.75,1283.8499755859375,1251.699951171875,1258.050048828125,1216.242919921875,736766
2023-03-14,1251.050048828125,1258.0,1223.0,1239.0,1197.8260498046875,628358
2023-03-15,1251.0,1254.050048828125,1225.4000244140625,1229.550048828125,1188.68994140625,397410
2023-03-16,1232.0,1260.8499755859375,1228.699951171875,1250.199951171875,1208.65380859375,797714
2023-03-17,1256.5,1267.949951171875,1236.800048828125,1246.0,1204.59326171875,836522
2023-03-20,1274.9000244140625,1274.9000244140625,1203.550048828125,1219.699951171875,1179.167236328125,680483
2023-03-21,1233.4000244140625,1288.6500244140625,1218.0999755859375,1260.5,1218.611328125,1015872
2023-03-22,1261.949951171875,1264.800048828125,1241.699951171875,1246.1500244140625,1204.7384033203125,362950
2023-03-23,1242.0,1264.1500244140625,1234.0,1260.550048828125,1218.659912109375,428237
2023-03-24,1254.300048828125,1259.300048828125,1225.0,1233.199951171875,1192.2186279296875,858054
2023-03-27,1232.0,1233.0,1205.6500244140625,1209.4000244140625,1169.2095947265625,389678
2023-03-28,1211.050048828125,1234.300048828125,1202.1500244140625,1225.9000244140625,1185.1612548828125,521025
2023-03-29,1225.9000244140625,1260.0,1221.5,1251.800048828125,1210.2005615234375,329827
2023-03-31,1253.0,1281.9000244140625,1253.0,1259.4000244140625,1217.5479736328125,897987
2023-04-03,1266.0,1291.0,1266.0,1286.449951171875,1243.6988525390625,459492
2023-04-05,1281.0,1294.199951171875,1274.449951171875,1289.050048828125,1246.2127685546875,342106
2023-04-06,1286.0,1307.0,1280.1500244140625,1303.8499755859375,1260.520751953125,285678
2023-04-10,1303.8499755859375,1307.0,1285.050048828125,1304.75,1261.390869140625,126077
2023-04-11,1304.75,1310.0,1277.0,1295.300048828125,1252.2550048828125,463230
2023-04-12,1299.0,1312.0,1288.550048828125,1309.0,1265.4996337890625,536120
2023-04-13,1308.949951171875,1308.949951171875,1292.0,1296.5999755859375,1253.51171875,154923
2023-04-17,1300.0,1327.0,1295.9000244140625,1321.3499755859375,1277.4393310546875,585482
2023-04-18,1327.25,1345.0,1319.0,1339.199951171875,1294.696044921875,520458
2023-04-19,1347.3499755859375,1369.9000244140625,1337.550048828125,1366.550048828125,1321.13720703125,529941
2023-04-20,1370.050048828125,1373.550048828125,1335.8499755859375,1339.3499755859375,1294.841064453125,394557
2023-04-21,1355.4000244140625,1361.75,1341.050048828125,1358.8499755859375,1313.693115234375,306722
2023-04-24,1361.0,1411.800048828125,1356.199951171875,1392.5999755859375,1346.3214111328125,696858
2023-04-25,1399.699951171875,1469.300048828125,1395.0999755859375,1432.75,1385.1373291015625,2292627
2023-04-26,1439.8499755859375,1439.8499755859375,1382.0,1406.1500244140625,1359.421142578125,936077
2023-04-27,1400.0,1412.0,1382.0,1405.550048828125,1358.8411865234375,1071163
2023-04-28,1350.0,1365.0,1309.0,1332.5999755859375,1288.3154296875,3075649
2023-05-02,1348.9000244140625,1353.300048828125,1321.6500244140625,1325.300048828125,1281.2579345703125,889058
2023-05-03,1323.050048828125,1335.699951171875,1316.25,1319.050048828125,1275.215576171875,480881
2023-05-04,1326.0,1331.0,1316.0,1327.699951171875,1283.5782470703125,521108
2023-05-05,1328.0,1347.3499755859375,1316.25,1318.8499755859375,1275.022216796875,373515
2023-05-08,1329.0,1355.0,1318.8499755859375,1347.9000244140625,1303.1070556640625,629269
2023-05-09,1358.699951171875,1400.0,1345.699951171875,1348.25,1303.4453125,943591
2023-05-10,1361.0,1361.0,1330.5,1353.050048828125,1308.0859375,544299
2023-05-11,1351.0999755859375,1369.9000244140625,1340.050048828125,1364.300048828125,1318.9620361328125,335168
2023-05-12,1364.949951171875,1374.6500244140625,1341.0,1349.75,1304.8955078125,373700
2023-05-15,1353.0,1367.5999755859375,1336.050048828125,1340.5999755859375,1296.0494384765625,662823
2023-05-16,1350.0,1360.300048828125,1325.0,1328.5999755859375,1284.4481201171875,1007426
2023-05-17,1329.0,1350.5999755859375,1325.0999755859375,1344.199951171875,1299.52978515625,375324
2023-05-18,1352.449951171875,1357.0,1329.449951171875,1346.0999755859375,1301.36669921875,637838
2023-05-19,1356.9000244140625,1356.9000244140625,1333.0,1339.300048828125,1294.792724609375,691565
2023-05-22,1336.0,1337.9000244140625,1306.0,1319.300048828125,1275.45751953125,744812
2023-05-23,1323.949951171875,1380.3499755859375,1320.3499755859375,1363.300048828125,1317.9952392578125,724363
2023-05-24,1362.699951171875,1390.0,1356.199951171875,1369.6500244140625,1324.1341552734375,998284
2023-05-25,1369.6500244140625,1388.0,1358.3499755859375,1375.3499755859375,1329.644775390625,475274
2023-05-26,1375.3499755859375,1386.1500244140625,1365.0,1383.5999755859375,1337.62060546875,524563
2023-05-29,1388.0,1423.4000244140625,1383.5999755859375,1408.800048828125,1361.9832763671875,1175769
2023-05-30,1411.5,1421.199951171875,1405.699951171875,1416.800048828125,1369.71728515625,789757
2023-05-31,1417.6500244140625,1419.9000244140625,1391.4000244140625,1399.75,1353.23388671875,1216121
2023-06-01,1399.75,1418.5,1399.75,1410.25,1363.385009765625,580575
2023-06-02,1415.3499755859375,1424.199951171875,1404.199951171875,1413.3499755859375,1366.3818359375,736009
2023-06-05,1421.0,1427.1500244140625,1397.6500244140625,1400.949951171875,1354.3939208984375,502008
2023-06-06,1407.449951171875,1419.75,1385.75,1408.9000244140625,1362.0799560546875,355440
2023-06-07,1400.0,1426.0,1390.0,1408.3499755859375,1361.5479736328125,759808
2023-06-08,1413.0,1449.0,1400.0,1410.949951171875,1364.0615234375,806116
2023-06-09,1410.0,1438.800048828125,1409.0,1417.199951171875,1370.10400390625,487176
2023-06-12,1425.0,1461.25,1417.0,1452.3499755859375,1404.0858154296875,590220
2023-06-13,1458.0999755859375,1461.0,1435.0,1443.4000244140625,1395.433349609375,660172
2023-06-14,1450.0,1450.0,1402.25,1407.800048828125,1361.016357421875,723458
2023-06-15,1414.0,1420.0,1404.0,1414.199951171875,1367.20361328125,549578
2023-06-16,1406.5,1411.0,1390.0999755859375,1401.5,1374.3623046875,1379509
2023-06-19,1473.0,1500.9000244140625,1452.800048828125,1469.8499755859375,1441.3887939453125,3194059
2023-06-20,1470.0,1572.699951171875,1456.050048828125,1559.6500244140625,1529.4500732421875,2762920
2023-06-21,1715.5999755859375,1793.550048828125,1675.0,1734.3499755859375,1700.7672119140625,13465423
2023-06-22,1765.0,1765.0,1691.699951171875,1718.75,1685.4693603515625,4139057
2023-06-23,1693.050048828125,1708.550048828125,1641.8499755859375,1676.6500244140625,1644.1845703125,5355116
2023-06-26,1668.699951171875,1713.449951171875,1642.25,1703.3499755859375,1670.3675537109375,1805538
2023-06-27,1704.0,1728.550048828125,1660.0,1696.1500244140625,1663.3070068359375,1850182
2023-06-28,1710.0,1718.3499755859375,1689.1500244140625,1701.0,1668.06298828125,1811702
2023-06-30,1701.0999755859375,1766.949951171875,1697.800048828125,1735.199951171875,1701.6007080078125,2669645
2023-07-03,1752.699951171875,1777.9000244140625,1743.0999755859375,1757.949951171875,1723.9102783203125,1569786
2023-07-04,1772.0,1793.199951171875,1740.0,1777.699951171875,1743.27783203125,1789715
2023-07-05,1778.0,1828.0,1768.9000244140625,1802.25,1767.3524169921875,2631621
2023-07-06,1801.5999755859375,1801.5999755859375,1767.25,1771.3499755859375,1737.05078125,923275
2023-07-07,1775.0,1779.0,1712.0,1718.5999755859375,1685.322265625,1341026
2023-07-10,1728.949951171875,1730.4000244140625,1703.8499755859375,1723.199951171875,1689.8331298828125,1285015
2023-07-11,1729.9000244140625,1777.550048828125,1726.1500244140625,1760.699951171875,1726.6070556640625,1217122
2023-07-12,1760.0999755859375,1817.949951171875,1759.699951171875,1805.5,1770.53955078125,1307460
2023-07-13,1817.5,1829.199951171875,1783.0,1789.0,1754.3590087890625,1243663
2023-07-14,1800.0,1811.3499755859375,1772.6500244140625,1783.9000244140625,1749.35791015625,898440
2023-07-17,1786.0999755859375,1792.050048828125,1755.199951171875,1769.5,1735.2366943359375,844775
2023-07-18,1778.800048828125,1801.199951171875,1770.0,1784.1500244140625,1749.60302734375,1561175
2023-07-19,1784.0,1794.699951171875,1772.800048828125,1785.75,1751.172119140625,1193625
2023-07-20,1785.0,1798.5,1778.0,1782.8499755859375,1748.3282470703125,575685
2023-07-21,1778.449951171875,1868.1500244140625,1775.0,1831.5,1796.0361328125,3110254
2023-07-24,1840.800048828125,1847.949951171875,1780.0,1796.300048828125,1761.517822265625,6030098
2023-07-25,1830.9000244140625,1830.949951171875,1796.0,1823.5,1788.191162109375,1404057
2023-07-26,1826.0,1835.4000244140625,1808.699951171875,1819.1500244140625,1783.92529296875,799002
2023-07-27,1838.0,1849.0999755859375,1786.550048828125,1811.6500244140625,1776.570556640625,2325312
2023-07-28,1826.050048828125,1838.300048828125,1790.0,1817.8499755859375,1782.650390625,1181146
2023-07-31,1831.449951171875,1898.0,1818.050048828125,1893.1500244140625,1856.492431640625,1555772
2023-08-01,1893.1500244140625,1901.0,1845.0,1853.699951171875,1817.8062744140625,1069042
2023-08-02,1860.0,1866.25,1801.6500244140625,1833.1500244140625,1797.6541748046875,1526197
2023-08-03,1829.0,1838.5999755859375,1791.5,1818.449951171875,1783.23876953125,763341
2023-08-04,1825.0,1843.699951171875,1802.050048828125,1837.0,1801.4296875,1091120
2023-08-07,1840.9000244140625,1860.0,1833.1500244140625,1854.800048828125,1818.8851318359375,985237
2023-08-08,1854.9000244140625,1874.75,1840.0,1861.4000244140625,1825.357177734375,1971951
2023-08-09,1873.0,1875.9000244140625,1840.0,1848.9000244140625,1813.09912109375,1268060
2023-08-10,1854.6500244140625,1873.9000244140625,1840.0,1850.699951171875,1814.8642578125,1079592
2023-08-11,1850.0,1850.050048828125,1804.0999755859375,1807.949951171875,1772.942138671875,1026658
2023-08-14,1807.949951171875,1819.300048828125,1774.550048828125,1813.550048828125,1778.4337158203125,919664
2023-08-16,1813.800048828125,1816.6500244140625,1760.0999755859375,1796.0,1761.2235107421875,1808084
2023-08-17,1811.949951171875,1870.0,1811.949951171875,1844.4000244140625,1808.6864013671875,1361032
2023-08-18,1852.0,1852.0,1808.050048828125,1820.449951171875,1785.199951171875,857330
2023-08-21,1820.0,1855.0,1814.6500244140625,1843.25,1807.5587158203125,1373050
2023-08-22,1853.949951171875,1853.949951171875,1830.699951171875,1845.050048828125,1809.3238525390625,978416
2023-08-23,1849.0,1856.3499755859375,1821.1500244140625,1852.199951171875,1816.3353271484375,495096
2023-08-24,1855.0,1931.75,1855.0,1875.5,1839.1842041015625,1617054
2023-08-25,1865.0,1879.699951171875,1837.0,1864.1500244140625,1828.0538330078125,961277
2023-08-28,1869.949951171875,1870.949951171875,1846.1500244140625,1861.8499755859375,1825.7984619140625,934029
2023-08-29,1867.0,1878.0,1846.800048828125,1872.25,1835.9970703125,583981
2023-08-30,1872.0,1920.0,1867.800048828125,1884.0999755859375,1847.61767578125,728983
2023-08-31,1895.0,1939.0,1889.0999755859375,1928.300048828125,1890.9617919921875,2527974
2023-09-01,1930.0,1935.949951171875,1906.8499755859375,1912.050048828125,1875.0263671875,751207
2023-09-04,1917.0,1945.0,1889.25,1893.9000244140625,1857.2279052734375,1579913
2023-09-05,1903.800048828125,1929.949951171875,1880.199951171875,1913.5,1876.4482421875,1358719
2023-09-06,1919.9000244140625,1927.0,1882.0,1892.5999755859375,1855.953125,1381672
2023-09-07,1895.0,1900.800048828125,1870.6500244140625,1893.699951171875,1857.03173828125,1207095
2023-09-08,1910.0,1959.949951171875,1902.800048828125,1953.8499755859375,1916.0169677734375,1457511
2023-09-11,1971.800048828125,1971.800048828125,1938.1500244140625,1957.199951171875,1919.3021240234375,1313092
2023-09-12,1969.8499755859375,1969.8499755859375,1891.3499755859375,1911.1500244140625,1874.14404296875,1380614
2023-09-13,1902.050048828125,1920.0,1877.199951171875,1910.3499755859375,1873.3592529296875,1303584
2023-09-14,1920.0,1927.75,1905.5999755859375,1915.4000244140625,1878.3116455078125,1045117
2023-09-15,1927.949951171875,1933.6500244140625,1906.0,1922.25,1885.0289306640625,1354629
2023-09-18,1916.1500244140625,1924.5999755859375,1901.449951171875,1912.5,1875.4677734375,633362
2023-09-20,1900.0,1945.0,1892.949951171875,1917.9000244140625,1880.76318359375,805659
2023-09-21,1914.699951171875,1924.0,1891.0,1900.300048828125,1863.5040283203125,500996
2023-09-22,1900.300048828125,1929.699951171875,1881.0,1890.949951171875,1854.3349609375,560957
2023-09-25,1890.949951171875,1959.3499755859375,1860.6500244140625,1945.550048828125,1907.8778076171875,2065421
2023-09-26,1942.0,1943.0999755859375,1871.0,1884.5999755859375,1848.1077880859375,1194660
2023-09-27,1898.0,1913.4000244140625,1880.25,1892.4000244140625,1855.7569580078125,643299
2023-09-28,1909.300048828125,1912.4000244140625,1856.3499755859375,1871.449951171875,1835.2125244140625,4327334
2023-09-29,1872.699951171875,1930.949951171875,1865.5999755859375,1919.3499755859375,1882.18505859375,1381785
2023-10-03,1938.0,1939.9000244140625,1881.0,1921.949951171875,1884.734619140625,2207907
2023-10-04,1909.0,1919.949951171875,1841.5,1850.5999755859375,1814.7662353515625,1340167
2023-10-05,1852.0,1872.949951171875,1823.0,1837.5,1801.919921875,1479477
2023-10-06,1850.949951171875,1863.0,1835.0,1848.8499755859375,1813.0501708984375,1262390
2023-10-09,1840.050048828125,1840.8499755859375,1803.6500244140625,1820.9000244140625,1785.641357421875,1070824
2023-10-10,1840.0,1896.75,1815.199951171875,1892.8499755859375,1856.1981201171875,1675512
2023-10-11,1907.050048828125,1920.5,1885.550048828125,1898.5999755859375,1861.8367919921875,912283
2023-10-12,1908.550048828125,1908.550048828125,1875.0,1878.0999755859375,1841.7337646484375,662797
2023-10-13,1874.8499755859375,1886.75,1870.4000244140625,1880.949951171875,1844.528564453125,596784
2023-10-16,1880.949951171875,1885.0,1855.5999755859375,1867.550048828125,1831.3880615234375,492792
2023-10-17,1878.449951171875,1892.9000244140625,1872.0,1888.449951171875,1851.88330078125,675654
2023-10-18,1888.4000244140625,1890.8499755859375,1852.550048828125,1866.199951171875,1830.0640869140625,504913
2023-10-19,1837.0,1890.0,1823.449951171875,1878.8499755859375,1842.46923828125,619940
2023-10-20,1876.5,1885.75,1866.0,1876.699951171875,1840.36083984375,441245
2023-10-23,1874.800048828125,1916.0,1866.0,1880.0,1843.596923828125,2073056
2023-10-25,1871.550048828125,1886.8499755859375,1792.0,1816.1500244140625,1780.9833984375,1369841
2023-10-26,1816.1500244140625,1818.8499755859375,1760.8499755859375,1797.5999755859375,1762.79248046875,958593
2023-10-27,1851.0,2029.699951171875,1851.0,1935.199951171875,1897.72802734375,5011333
2023-10-30,1935.0,1935.199951171875,1865.25,1892.199951171875,1855.560791015625,2037598
2023-10-31,1902.0,1906.949951171875,1870.699951171875,1879.8499755859375,1843.449951171875,1691067
2023-11-01,1884.0,1907.0,1876.1500244140625,1902.25,1865.4161376953125,758859
2023-11-02,1913.5,1965.0,1902.800048828125,1954.8499755859375,1916.9976806640625,857752
2023-11-03,1962.5,2027.949951171875,1952.050048828125,2013.550048828125,1974.5611572265625,1864454
2023-11-06,2008.949951171875,2012.4000244140625,1982.0,1991.5,1972.5306396484375,1126831
2023-11-07,1999.9000244140625,2005.4000244140625,1954.25,1987.199951171875,1968.2713623046875,1761418
2023-11-08,1987.199951171875,1992.6500244140625,1971.25,1979.6500244140625,1960.79345703125,705075
2023-11-09,1970.0,1970.0,1940.0,1943.4000244140625,1924.8887939453125,995069
2023-11-10,1940.0,1965.949951171875,1926.9000244140625,1952.199951171875,1933.6048583984375,486020
2023-11-13,1957.4000244140625,1973.0,1930.199951171875,1967.800048828125,1949.056396484375,555900
2023-11-15,1985.25,2041.199951171875,1975.0999755859375,2035.75,2016.3590087890625,1269373
2023-11-16,2036.800048828125,2051.0,2015.5,2035.75,2016.3590087890625,636899
2023-11-17,2018.949951171875,2018.949951171875,1981.0999755859375,1994.800048828125,1975.7991943359375,1093774
2023-11-20,1995.0,2009.800048828125,1977.800048828125,1988.949951171875,1970.0047607421875,572596
2023-11-21,2000.0,2019.800048828125,1980.199951171875,1999.8499755859375,1980.801025390625,1017891
2023-11-22,2004.949951171875,2010.0,1953.25,1977.0999755859375,1958.2677001953125,527815
2023-11-23,1978.0,1998.9000244140625,1970.0,1974.8499755859375,1956.0390625,305865
2023-11-24,1974.8499755859375,1980.0,1941.0999755859375,1947.5,1928.94970703125,475859
2023-11-28,1951.800048828125,1970.0,1934.550048828125,1965.699951171875,1946.976318359375,720833
2023-11-29,1965.699951171875,1981.4000244140625,1960.0,1974.3499755859375,1955.5439453125,659944
2023-11-30,1973.050048828125,2020.0,1971.300048828125,2007.199951171875,1988.0809326171875,2200458
2023-12-01,2014.0,2029.9000244140625,1997.0,2003.25,1984.168701171875,606990
2023-12-04,2025.0,2108.0,2007.25,2094.449951171875,2074.499755859375,1872166
2023-12-05,2094.449951171875,2098.85009765625,2043.050048828125,2069.949951171875,2050.2333984375,1659380
2023-12-06,2077.0,2084.10009765625,2045.0,2055.699951171875,2036.118896484375,719690
2023-12-07,2060.949951171875,2070.0,2030.0,2034.800048828125,2015.418212890625,780832
2023-12-08,2050.0,2057.5,2014.699951171875,2031.5999755859375,2012.2486572265625,843673
2023-12-11,2031.5999755859375,2067.89990234375,2015.449951171875,2047.0999755859375,2027.6009521484375,989693
2023-12-12,2065.0,2065.0,1988.050048828125,1995.25,1976.244873046875,1431809
2023-12-13,2009.949951171875,2011.699951171875,1976.050048828125,1995.300048828125,1976.2943115234375,1594654
2023-12-14,2006.0,2130.0,2005.0999755859375,2118.300048828125,2098.122802734375,2384904
2023-12-15,2117.0,2121.60009765625,2070.10009765625,2077.699951171875,2057.909423828125,2245653
2023-12-18,2076.800048828125,2078.550048828125,2042.9000244140625,2048.0,2028.492431640625,840682
2023-12-19,2058.800048828125,2082.64990234375,2040.0,2059.550048828125,2039.9324951171875,2214192
2023-12-20,2061.0,2111.949951171875,1990.0,1998.75,1979.71142578125,1887125
2023-12-21,1997.300048828125,2047.9000244140625,1972.0,2016.8499755859375,1997.6390380859375,1881198
2023-12-22,2029.9000244140625,2069.0,2016.5,2055.449951171875,2035.871337890625,1385775
2023-12-26,2072.0,2076.800048828125,2028.0999755859375,2035.75,2016.3590087890625,964595
2023-12-27,2041.050048828125,2065.5,2035.800048828125,2049.89990234375,2030.3741455078125,750019
2023-12-28,2064.800048828125,2064.800048828125,2036.0999755859375,2045.6500244140625,2026.164794921875,657669
2023-12-29,2052.5,2068.0,2037.949951171875,2053.300048828125,2033.741943359375,1058202
2024-01-01,2055.550048828125,2060.0,2041.0999755859375,2048.85009765625,2029.3343505859375,304722
2024-01-02,2050.0,2059.75,2016.0,2030.050048828125,2010.71337890625,1077927
2024-01-03,2035.0,2098.0,2029.0,2090.050048828125,2070.141845703125,1357534
2024-01-04,2100.0,2152.5,2090.199951171875,2148.14990234375,2127.688232421875,1539021
2024-01-05,2153.0,2176.75,2119.449951171875,2172.39990234375,2151.707275390625,1622887
2024-01-08,2184.0,2225.0,2163.550048828125,2196.35009765625,2175.429443359375,1497595
2024-01-09,2206.60009765625,2223.050048828125,2150.60009765625,2167.85009765625,2147.200927734375,1092689
2024-01-10,2180.0,2187.85009765625,2135.699951171875,2150.0,2129.520751953125,494145
2024-01-11,2217.949951171875,2289.85009765625,2204.0,2279.75,2258.03515625,2932789
2024-01-12,2292.800048828125,2303.10009765625,2260.10009765625,2292.800048828125,2270.960693359375,1037456
2024-01-15,2292.800048828125,2292.800048828125,2292.800048828125,2292.800048828125,2270.960693359375,0
2024-01-16,2325.0,2334.949951171875,2295.050048828125,2309.699951171875,2287.69970703125,1329590
2024-01-17,2294.0,2317.85009765625,2240.0,2288.0,2266.206298828125,1061729
2024-01-18,2271.0,2287.300048828125,2196.550048828125,2255.39990234375,2233.916748046875,1576710
2024-01-19,2271.0,2321.949951171875,2271.0,2301.85009765625,2279.924560546875,1059357
2024-01-23,2287.050048828125,2313.949951171875,2247.60009765625,2279.5,2257.787353515625,2199854
2024-01-24,2233.85009765625,2315.0,2209.550048828125,2302.449951171875,2280.5185546875,1700346
2024-01-25,2317.800048828125,2352.949951171875,2292.0,2307.14990234375,2285.173828125,1065564
2024-01-29,2432.0,2442.0,2302.14990234375,2409.0,2386.0537109375,3579015
2024-01-30,2409.0,2496.550048828125,2409.0,2452.949951171875,2429.585205078125,2847759
2024-01-31,2450.0,2479.60009765625,2400.5,2466.800048828125,2443.30322265625,1914672
2024-02-01,2411.0,2438.949951171875,2388.60009765625,2397.199951171875,2374.365966796875,2120344
2024-02-02,2397.5,2421.14990234375,2385.60009765625,2405.5,2382.587158203125,881037
2024-02-05,2419.0,2432.39990234375,2347.199951171875,2357.10009765625,2334.6484375,398680
2024-02-06,2360.0,2403.89990234375,2323.64990234375,2396.449951171875,2383.736328125,1502283
2024-02-07,2397.949951171875,2459.14990234375,2396.449951171875,2413.64990234375,2400.844970703125,1046050
2024-02-08,2425.0,2425.0,2340.800048828125,2347.949951171875,2335.49365234375,886197
2024-02-09,2347.949951171875,2354.050048828125,2291.5,2334.10009765625,2321.717041015625,580610
2024-02-12,2335.0,2352.949951171875,2254.85009765625,2262.25,2250.248291015625,569008
2024-02-13,2267.0,2343.5,2235.25,2330.64990234375,2318.28515625,1796922
2024-02-14,2285.0,2404.60009765625,2280.199951171875,2393.300048828125,2380.60302734375,737277
2024-02-15,2437.199951171875,2463.39990234375,2412.0,2437.60009765625,2424.66796875,1144317
2024-02-16,2440.0,2459.800048828125,2433.85009765625,2449.39990234375,2436.4052734375,919312
2024-02-19,2449.39990234375,2461.949951171875,2416.550048828125,2439.89990234375,2426.95556640625,690282
2024-02-20,2439.89990234375,2444.85009765625,2395.300048828125,2416.64990234375,2403.8291015625,879341
2024-02-21,2413.800048828125,2415.050048828125,2345.050048828125,2355.949951171875,2343.451171875,733175
2024-02-22,2359.10009765625,2399.699951171875,2333.050048828125,2395.199951171875,2382.492919921875,514244
2024-02-23,2398.5,2457.0,2388.10009765625,2445.449951171875,2432.476318359375,1144665
2024-02-26,2449.89990234375,2535.0,2447.949951171875,2485.14990234375,2471.965576171875,1197803
2024-02-27,2475.0,2509.35009765625,2257.0,2372.39990234375,2359.813720703125,4102754
2024-02-28,2392.0,2437.949951171875,2307.89990234375,2348.800048828125,2336.339111328125,2223882
2024-02-29,2399.0,2455.10009765625,2351.14990234375,2438.60009765625,2425.662841796875,4046471
2024-03-01,2469.5,2473.85009765625,2435.0,2450.449951171875,2437.44970703125,1100074
2024-03-04,2460.0,2465.0,2419.0,2446.5,2433.520751953125,533339
2024-03-05,2411.0,2455.85009765625,2411.0,2431.5,2418.600341796875,1238034
2024-03-06,2444.0,2453.0,2348.89990234375,2374.60009765625,2362.002197265625,1348944
2024-03-07,2374.60009765625,2455.39990234375,2374.60009765625,2449.550048828125,2436.5546875,1192798
2024-03-11,2446.0,2499.89990234375,2420.64990234375,2480.949951171875,2467.787841796875,2275471
2024-03-12,2484.0,2484.0,2410.199951171875,2421.75,2408.902099609375,1441342
2024-03-13,2434.89990234375,2439.699951171875,2300.10009765625,2321.39990234375,2309.084228515625,1623771
2024-03-14,2315.0,2327.949951171875,2266.14990234375,2291.5,2279.343017578125,2022357
2024-03-15,2294.0,2315.0,2251.0,2266.800048828125,2254.774169921875,1451472
2024-03-18,2265.0,2332.89990234375,2264.75,2308.949951171875,2296.700439453125,1174081
2024-03-19,2323.0,2342.89990234375,2277.550048828125,2287.0,2274.866943359375,1323965
2024-03-20,2290.0,2327.89990234375,2280.0,2314.199951171875,2301.922607421875,905285
2024-03-21,2322.699951171875,2354.949951171875,2290.0,2310.800048828125,2298.540771484375,1739724
2024-03-22,2339.0,2358.699951171875,2305.14990234375,2330.699951171875,2318.3349609375,1273555
2024-03-26,2281.0,2389.39990234375,2279.949951171875,2372.550048828125,2359.963134765625,2138717
2024-03-27,2410.0,2430.0,2345.0,2386.35009765625,2373.68994140625,15446440
2024-03-28,2374.050048828125,2394.550048828125,2338.25,2359.800048828125,2347.28076171875,2325088
2024-04-01,2371.0,2437.0,2366.050048828125,2431.75,2418.84912109375,845782
2024-04-02,2430.0,2471.300048828125,2429.949951171875,2465.949951171875,2452.867431640625,886622
2024-04-03,2477.0,2566.800048828125,2458.800048828125,2556.449951171875,2542.887451171875,2317699
2024-04-04,2574.949951171875,2574.949951171875,2486.0,2499.300048828125,2486.040771484375,1403997
2024-04-05,2510.550048828125,2532.0,2498.10009765625,2518.85009765625,2505.487060546875,650696
2024-04-08,2542.949951171875,2580.300048828125,2527.0,2569.199951171875,2555.56982421875,735781
2024-04-09,2590.0,2605.64990234375,2523.10009765625,2550.39990234375,2536.869384765625,953375
2024-04-10,2559.949951171875,2566.25,2519.5,2528.050048828125,2514.63818359375,700885
2024-04-12,2519.949951171875,2519.949951171875,2478.89990234375,2485.60009765625,2472.413330078125,828911
2024-04-15,2493.0,2493.0,2408.050048828125,2414.64990234375,2401.839599609375,950138
2024-04-16,2400.0,2424.0,2368.35009765625,2400.75,2388.013427734375,806605
2024-04-18,2419.89990234375,2442.25,2361.10009765625,2371.449951171875,2358.868896484375,1358237
2024-04-19,2349.85009765625,2378.64990234375,2325.10009765625,2366.550048828125,2353.994873046875,959432
2024-04-22,2390.0,2432.300048828125,2374.0,2424.64990234375,2411.78662109375,697940
2024-04-23,2441.949951171875,2456.39990234375,2417.10009765625,2426.949951171875,2414.074462890625,578517
2024-04-24,2427.0,2481.699951171875,2418.0,2461.050048828125,2447.99365234375,1691860
2024-04-25,2459.0,2504.300048828125,2422.25,2491.85009765625,2478.63037109375,2917532
2024-04-26,2512.5,2536.949951171875,2337.0,2498.60009765625,2485.344482421875,4162052
2024-04-29,2569.949951171875,2576.949951171875,2430.25,2492.199951171875,2478.978271484375,2380923
2024-04-30,2493.0,2578.800048828125,2484.0,2551.699951171875,2538.16259765625,2685245
2024-05-02,2546.550048828125,2599.0,2535.0,2582.10009765625,2568.4013671875,1848695
2024-05-03,2600.0,2658.0,2575.14990234375,2588.550048828125,2574.817138671875,1524429
2024-05-06,2600.0,2608.949951171875,2498.85009765625,2547.550048828125,2534.03466796875,865357
2024-05-07,2547.550048828125,2565.0,2441.64990234375,2485.800048828125,2472.6123046875,1565174
2024-05-08,2483.5,2498.0,2432.75,2448.0,2435.0126953125,1464955
2024-05-09,2448.0,2474.14990234375,2354.199951171875,2360.89990234375,2348.374755859375,820803
2024-05-10,2374.0,2406.699951171875,2331.10009765625,2344.35009765625,2331.912841796875,2196930
2024-05-13,2345.0,2354.64990234375,2278.75,2301.800048828125,2289.58837890625,1678069
2024-05-14,2345.0,2417.85009765625,2316.800048828125,2330.35009765625,2317.987060546875,2475207
2024-05-15,2338.0,2342.0,2303.050048828125,2320.0,2307.69189453125,853936
2024-05-16,2337.0,2345.800048828125,2265.0,2338.699951171875,2326.292724609375,2489109
2024-05-17,2344.0,2386.64990234375,2321.0,2371.60009765625,2359.018310546875,945827
2024-05-21,2370.0,2389.5,2348.64990234375,2373.25,2360.659423828125,787116
2024-05-22,2373.25,2379.85009765625,2332.10009765625,2336.75,2324.35302734375,693108
2024-05-23,2346.0,2409.699951171875,2328.5,2400.449951171875,2387.715087890625,1102552
2024-05-24,2399.85009765625,2428.949951171875,2362.699951171875,2397.5,2384.78076171875,975465
2024-05-27,2410.0,2423.5,2376.0,2380.0,2367.37353515625,679642
2024-05-28,2390.0,2433.0,2375.0,2393.699951171875,2381.000732421875,1298782
2024-05-29,2375.050048828125,2397.64990234375,2358.0,2374.64990234375,2362.0517578125,439586
2024-05-30,2366.0,2380.0,2292.0,2302.699951171875,2290.483642578125,1337633
2024-05-31,2318.89990234375,2387.35009765625,2313.64990234375,2354.050048828125,2341.561279296875,2583291
2024-06-03,2450.0,2546.949951171875,2425.25,2509.14990234375,2495.83837890625,3032359
2024-06-04,2540.0,2540.0,2193.0,2260.699951171875,2248.706298828125,3557725
2024-06-05,2241.89990234375,2397.89990234375,2230.0,2387.449951171875,2374.783935546875,1422819
2024-06-06,2430.0,2535.0,2400.050048828125,2474.800048828125,2461.670654296875,2100297
2024-06-07,2479.35009765625,2506.949951171875,2460.050048828125,2497.949951171875,2484.69775390625,741378
2024-06-10,2510.0,2552.5,2485.199951171875,2519.10009765625,2505.735595703125,969804
2024-06-11,2514.949951171875,2552.050048828125,2490.0,2533.0,2519.561767578125,936270
2024-06-12,2534.75,2583.449951171875,2530.550048828125,2566.949951171875,2553.331787109375,702073
2024-06-13,2592.0,2697.64990234375,2581.10009765625,2684.300048828125,2670.059326171875,2004491
2024-06-14,2712.0,2747.0,2695.050048828125,2732.14990234375,2717.6552734375,3063685
2024-06-18,2748.949951171875,2841.14990234375,2732.35009765625,2829.75,2814.737548828125,2478641
2024-06-19,2829.800048828125,2831.0,2760.0,2791.25,2776.44189453125,1835027
2024-06-20,2804.550048828125,2854.5,2764.75,2805.199951171875,2790.317626953125,1389762
2024-06-21,2810.0,2842.0,2795.0,2821.64990234375,2806.680419921875,1934468
2024-06-24,2819.300048828125,2890.0,2779.85009765625,2882.25,2866.958984375,1073571
2024-06-25,2883.25,3000.0,2861.64990234375,2989.85009765625,2973.98828125,3168975
2024-06-26,2985.800048828125,3059.449951171875,2958.60009765625,2989.050048828125,2973.1923828125,1806445
2024-06-27,2987.050048828125,2996.64990234375,2923.949951171875,2951.050048828125,2935.39404296875,2459635
2024-06-28,2951.050048828125,2969.300048828125,2900.0,2911.5,2896.0537109375,1201091
2024-07-01,2902.050048828125,2942.0,2902.050048828125,2924.25,2908.736083984375,1334666
2024-07-02,2927.0,2940.0,2815.64990234375,2824.89990234375,2809.9130859375,2527745
2024-07-03,2840.0,2885.0,2805.550048828125,2850.449951171875,2835.32763671875,1589120
2024-07-04,2867.949951171875,2868.0,2820.0,2833.75,2818.71630859375,791663
2024-07-05,2835.0,2872.25,2814.300048828125,2865.85009765625,2850.64599609375,1232669
2024-07-08,2856.0,2856.0,2796.10009765625,2808.10009765625,2793.202392578125,813151
2024-07-09,2808.89990234375,2813.949951171875,2775.14990234375,2792.0,2777.187744140625,1271952
2024-07-10,2793.949951171875,2804.64990234375,2705.0,2762.10009765625,2747.446533203125,1660147
2024-07-11,2762.10009765625,2785.449951171875,2714.14990234375,2739.0,2724.468994140625,1137823
2024-07-12,2750.0,2860.0,2750.0,2794.39990234375,2779.574951171875,1806161
2024-07-15,2813.0,2889.0,2807.199951171875,2882.300048828125,2867.0087890625,1480043
2024-07-16,2886.89990234375,2900.0,2802.0,2813.5,2798.57373046875,981418
2024-07-18,2777.0,2873.949951171875,2777.0,2867.300048828125,2852.08837890625,823804
2024-07-19,2860.0,2875.85009765625,2789.35009765625,2810.85009765625,2795.93798828125,735543
2024-07-22,2799.89990234375,2847.949951171875,2764.050048828125,2827.39990234375,2812.39990234375,543557
2024-07-23,2827.0,2827.0,2663.39990234375,2739.199951171875,2739.199951171875,2445493
2024-07-24,2739.0,2760.0,2665.300048828125,2724.25,2724.25,1026115
2024-07-25,2699.5,2710.0,2635.5,2679.0,2679.0,2089082
2024-07-26,2705.800048828125,3044.0,2690.0,2925.0,2925.0,6439336
2024-07-29,2970.0,3035.75,2905.0,2943.0,2943.0,2550687
2024-07-30,2943.0,2981.39990234375,2892.0,2912.050048828125,2912.050048828125,1897375
2024-07-31,2933.89990234375,2947.050048828125,2916.050048828125,2931.949951171875,2931.949951171875,931158
2024-08-01,2932.89990234375,2999.0,2919.949951171875,2989.25,2989.25,1771944
2024-08-02,2945.0,3022.89990234375,2920.0,2992.10009765625,2992.10009765625,1781041
2024-08-05,2876.0,2941.85009765625,2808.10009765625,2891.449951171875,2891.449951171875,1896088
2024-08-06,2920.14990234375,2940.449951171875,2825.0,2836.800048828125,2836.800048828125,1183478
2024-08-07,2890.10009765625,2932.10009765625,2870.550048828125,2925.050048828125,2925.050048828125,797339
2024-08-08,2920.0,2920.0,2858.60009765625,2872.199951171875,2872.199951171875,886810
2024-08-09,2910.0,2973.35009765625,2880.10009765625,2958.10009765625,2958.10009765625,913755
2024-08-12,2949.949951171875,3015.0,2927.60009765625,2976.10009765625,2976.10009765625,1141959
2024-08-13,2980.0,2995.449951171875,2860.5,2891.35009765625,2891.35009765625,1449963
2024-08-14,2901.0,2916.60009765625,2864.0,2895.10009765625,2895.10009765625,725225
2024-08-16,2913.0,2991.89990234375,2902.050048828125,2981.5,2981.5,995219
2024-08-19,3028.0,3085.0,3013.050048828125,3075.60009765625,3075.60009765625,1818434
2024-08-20,3118.0,3177.0,3052.300048828125,3159.85009765625,3159.85009765625,2429911
2024-08-21,3139.949951171875,3190.0,3116.85009765625,3159.050048828125,3159.050048828125,1045406
2024-08-22,3165.0,3166.949951171875,3123.300048828125,3143.60009765625,3143.60009765625,922139
2024-08-23,3160.0,3162.300048828125,3117.699951171875,3126.550048828125,3126.550048828125,493393
2024-08-26,3140.0,3179.75,3111.0,3162.14990234375,3162.14990234375,673210
2024-08-27,3153.89990234375,3268.89990234375,3116.0,3229.449951171875,3229.449951171875,1983161
2024-08-28,3225.0,3248.0,3191.75,3201.85009765625,3201.85009765625,670444
2024-08-29,3199.0,3262.0,3174.550048828125,3200.5,3200.5,1195285
2024-08-30,3200.75,3224.39990234375,3177.0,3204.5,3204.5,2205225
2024-09-02,3219.949951171875,3258.39990234375,3214.050048828125,3225.25,3225.25,633147
2024-09-03,3211.0,3283.050048828125,3190.050048828125,3271.60009765625,3271.60009765625,1436283
2024-09-04,3237.050048828125,3281.949951171875,3226.0,3243.949951171875,3243.949951171875,693484
2024-09-05,3246.949951171875,3294.0,3229.14990234375,3245.5,3245.5,673660
2024-09-06,3253.89990234375,3266.949951171875,3220.199951171875,3235.64990234375,3235.64990234375,611612
2024-09-09,3290.0,3323.199951171875,3216.10009765625,3315.699951171875,3315.699951171875,1619017
2024-09-10,3327.89990234375,3337.89990234375,3230.14990234375,3260.050048828125,3260.050048828125,1238014
2024-09-11,3265.050048828125,3298.0,3254.10009765625,3279.89990234375,3279.89990234375,589257
2024-09-12,3300.0,3412.39990234375,3295.550048828125,3400.75,3400.75,1832723
2024-09-13,3399.699951171875,3425.0,3365.0,3368.25,3368.25,957340
2024-09-16,3378.0,3439.85009765625,3362.60009765625,3418.949951171875,3418.949951171875,944964
2024-09-17,3415.0,3466.75,3407.449951171875,3424.60009765625,3424.60009765625,1606064
2024-09-18,3444.5,3589.949951171875,3440.0,3574.699951171875,3574.699951171875,2116495
2024-09-19,3571.550048828125,3623.64990234375,3500.0,3525.35009765625,3525.35009765625,1285785
2024-09-20,3539.0,3586.0,3517.0,3532.10009765625,3532.10009765625,1281428
2024-09-23,3550.949951171875,3612.0,3540.0,3567.699951171875,3567.699951171875,587014
2024-09-24,3581.5,3581.5,3502.0,3516.300048828125,3516.300048828125,1336373
2024-09-25,3516.300048828125,3539.800048828125,3458.0,3524.050048828125,3524.050048828125,760327
